CASE_ID,PARTY_NUMBER,PARTY_TYPE,AT_FAULT,PARTY_SEX,PARTY_AGE,PARTY_SOBRIETY,PARTY_DRUG_PHYSICAL,DIR_OF_TRAVEL,PARTY_SAFETY_EQUIP_1,PARTY_SAFETY_EQUIP_2,FINAN_RESPONS,SP_INFO_1,SP_INFO_2,SP_INFO_3,OAF_VIOLATION_CODE,OAF_VIOL_CAT,OAF_VIOL_SECTION,OAF_VIOLATION_SUFFIX,OAF_1,OAF_2,PARTY_NUMBER_KILLED,PARTY_NUMBER_INJURED,MOVE_PRE_ACC,VEHICLE_YEAR,VEHICLE_MAKE,STWD_VEHICLE_TYPE,CHP_VEH_TYPE_TOWING,CHP_VEH_TYPE_TOWED,RACE,INATTENTION,SPECIAL_INFO_F,SPECIAL_INFO_G,ACCIDENT_YEAR
6293005,1,1,Y,M,57,A,-,E,L,B,Y,-,-,-,-,"- ",,,N,-,1,0,C,2006,MERCEDES-BENZ,A,"1 ",,W,,-,-,2016
6787125,1,1,Y,M,51,A,-,W,M,G,Y,-,3,-,-,"- ",,,N,-,0,0,B,2000,MITSUBISHI,A,"7 ",,W,,-,-,2015
6787125,2,1,N,F,42,A,-,N,M,G,Y,-,3,-,-,"- ",,,N,-,0,1,B,2009,CHEVROLET,A,"7 ",,W,,-,-,2015
6790064,1,1,Y,M,81,A,-,N,M,G,Y,-,3,-,-,"- ",,,N,-,0,0,L,2011,TOYOTA,A,"8 ",,W,,-,-,2015
6790064,2,1,N,F,58,A,-,N,M,G,Y,-,3,-,-,"- ",,,N,-,0,1,B,2011,BMW,A,"1 ",,W,,-,-,2015
6808775,1,4,Y,F,62,A,-,S,-,-,O,-,3,-,-,"- ",,,N,-,0,1,J,,-,L,"4 ",,W,,-,-,2015
6808775,2,1,N,M,46,A,-,S,M,E,Y,-,3,-,-,"- ",,,N,-,0,0,B,2001,MITSUBISHI,A,"1 ",,A,,-,-,2015
6809978,1,1,N,M,57,A,-,N,P,G,Y,-,3,-,-,"- ",,,N,-,0,2,J,1995,VOLKSWAGEN,A,"1 ",,H,,-,-,2015
6809978,2,1,N,M,38,A,-,N,P,G,Y,-,3,-,-,"- ",,,N,-,0,1,H,1998,VOLKSWAGEN,A,"1 ",,W,,-,-,2015
6809978,3,1,N,M,32,A,-,N,M,G,Y,-,3,-,-,"- ",,,N,-,0,0,J,2004,SCION,A,"1 ",,H,,-,-,2015
6809978,4,1,N,M,55,A,-,N,M,G,Y,-,3,-,-,"- ",,,N,-,0,0,H,2013,TOYOTA,A,"1 ",,A,,-,-,2015
6812074,1,4,Y,M,36,A,-,E,-,-,O,-,-,-,-,"- ",,,N,-,0,1,B,,-,L,"4 ",,W,,-,-,2015
6830412,1,1,Y,F,49,A,-,E,M,G,Y,-,3,-,-,"- ",,,N,-,0,0,C,2002,HONDA,A,"1 ",,H,,-,-,2015
6830412,2,4,N,M,61,A,-,E,-,-,O,-,3,-,-,"- ",,,N,-,0,1,B,,-,L,"4 ",,W,,-,-,2015
6830630,1,4,N,M,51,A,-,W,-,-,O,-,3,-,-,"- ",,,E,G,0,1,B,,-,L,"4 ",,W,,-,-,2015
6830630,2,1,N,M,30,A,-,S,M,G,Y,-,3,-,-,"- ",,,E,G,0,0,E,2006,GMC,D,22,,W,,-,-,2015
6835020,1,1,Y,M,24,A,-,S,M,G,Y,-,3,-,-,"- ",,,N,-,0,0,E,2011,BMW,A,"1 ",,A,,-,-,2015
6835020,2,1,N,M,56,A,-,N,L,G,Y,-,3,-,-,"- ",,,N,-,0,1,B,2014,MERCEDES-BENZ,A,"7 ",,O,,-,-,2015
6835021,1,1,Y,M,51,A,-,N,M,G,Y,-,3,-,-,"- ",,,N,-,0,0,B,2008,BMW,A,"1 ",,W,,-,-,2015
6835021,2,1,N,F,43,A,-,N,M,G,Y,-,3,-,-,"- ",,,N,-,0,1,B,2002,ACURA,A,"7 ",,B,,-,-,2015
6837599,1,1,Y,M,89,A,-,W,M,G,Y,-,3,-,-,"- ",,,N,-,0,0,B,2007,LEXUS,A,"1 ",,W,,-,-,2015
6837599,2,2,N,F,53,A,-,S,-,-,O,-,3,-,-,"- ",,,N,-,0,1,R,,-,N,60,,W,,-,-,2015
6837599,3,2,N,M,66,A,-,S,-,-,O,-,3,-,-,"- ",,,N,-,0,0,R,,-,N,60,,W,,-,-,2015
6837849,1,1,Y,F,51,A,-,S,L,G,Y,-,3,-,-,"- ",,,N,-,0,0,B,1994,HONDA,A,"1 ",,W,,-,-,2015
6837849,2,1,N,M,68,A,-,W,L,G,Y,-,3,-,-,"- ",,,N,-,0,1,B,2013,LEXUS,A,"1 ",,W,,-,-,2015
6837849,3,1,N,M,35,A,-,E,M,G,Y,-,3,-,-,"- ",,,N,-,0,0,A,2006,DODGE,A,"1 ",,H,,-,-,2015
6852138,1,1,Y,M,27,A,-,W,L,G,Y,-,3,-,,24,22450,A,A,-,0,2,C,2012,ACURA,A,"1 ",,H,,-,-,2015
6860498,1,1,Y,F,29,A,-,W,M,G,Y,-,3,-,-,"- ",,,N,-,0,0,P,2011,AUDI,A,"1 ",,W,,-,-,2015
6860498,2,1,N,F,50,A,-,W,M,G,Y,-,3,-,-,"- ",,,N,-,0,1,P,2000,ACURA,A,"1 ",,W,,-,-,2015
6860502,1,1,Y,F,24,A,-,E,M,G,Y,-,3,-,-,"- ",,,F,-,0,0,B,2004,TOYOTA,A,"7 ",,W,-,-,-,2015
6860502,2,4,N,M,54,A,-,E,-,-,O,-,3,-,-,"- ",,,N,-,0,1,B,,-,L,"4 ",,W,,-,-,2015
6860518,1,1,Y,F,22,A,-,E,L,G,Y,-,3,-,-,"- ",,,F,-,0,1,B,2011,CHEVROLET,A,"1 ",,W,-,-,-,2015
6860518,2,1,N,M,35,A,-,E,M,G,,-,3,-,-,"- ",,,N,-,0,1,A,2008,HONDA,A,"8 ",,O,,-,-,2015
6861025,1,1,Y,F,81,A,-,-,M,G,Y,-,3,-,-,"- ",,,F,-,0,1,B,2013,SUBARU,A,"1 ",,W,K,-,-,2015
6861025,2,3,N,-,998,H,H,E,-,-,O,-,3,-,-,"- ",,,N,-,0,0,O,1997,FORD,D,22,,,,-,-,2015
6866330,1,1,Y,F,65,A,-,E,L,G,Y,-,-,-,-,"- ",,,E,-,0,3,B,2008,FORD,A,"7 ",,W,,-,-,2015
6866330,2,3,N,-,998,H,H,E,-,-,O,-,-,-,-,"- ",,,-,-,0,0,O,2006,FORD,D,22,,,,-,-,2015
6875601,1,1,Y,M,17,A,-,S,M,J,Y,-,3,-,-,"- ",,,N,-,0,1,N,2010,FORD,A,"8 ",,W,,-,-,2015
6875617,1,1,Y,F,46,A,-,E,M,G,Y,-,3,-,-,"- ",,,G,-,0,1,H,2014,BMW,A,"1 ",,W,,-,-,2015
6875617,2,1,N,M,38,A,-,E,M,G,Y,-,3,-,-,"- ",,,N,-,0,0,H,2007,NISSAN,A,"1 ",,H,,-,-,2015
6875617,3,1,N,M,76,A,-,E,M,G,Y,-,3,-,-,"- ",,,N,-,0,0,H,2007,NISSAN,A,"1 ",,W,,-,-,2015
6888764,1,4,Y,F,47,A,-,E,-,-,O,-,3,-,-,"- ",,,N,-,0,1,B,,-,L,"4 ",,A,,-,-,2015
6888764,2,4,N,M,47,A,-,E,-,-,O,-,3,-,,30,21703,,A,N,0,1,B,,-,L,"4 ",,A,,-,-,2015
6907284,1,1,N,F,998,G,G,S,-,-,,-,-,-,-,"- ",,,H,-,0,0,D,,ACURA,A,"1 ",,,,-,-,2015
6907284,2,4,N,M,60,-,-,S,-,-,O,-,3,-,-,"- ",,,-,-,0,1,E,,-,L,"4 ",,W,,-,-,2015
6907288,1,1,Y,F,29,A,-,W,M,G,Y,-,3,-,-,"- ",,,F,-,0,0,L,2000,TOYOTA,A,"1 ",,A,K,-,-,2015
6907288,2,1,N,F,57,A,-,W,M,G,Y,-,3,-,-,"- ",,,N,-,0,1,L,2009,HONDA,A,"1 ",,A,,-,-,2015
6907308,1,1,Y,M,17,A,-,N,M,G,Y,-,3,-,-,"- ",,,N,-,0,0,B,1995,FORD,A,"7 ",,H,,-,-,2015
6907308,2,1,N,M,17,A,-,N,L,G,Y,-,3,-,,31,22107,,A,-,0,1,E,2004,ACURA,A,"7 ",,W,,-,-,2015
6907312,1,4,Y,F,13,A,-,E,-,-,O,-,3,-,-,"- ",,,N,-,0,1,B,,-,L,"4 ",,W,,-,-,2015
6907312,2,3,N,-,998,H,H,-,-,-,O,-,-,-,-,"- ",,,-,-,0,0,O,2000,HONDA,A,"1 ",,,,-,-,2015
6907316,1,1,Y,M,46,A,-,S,M,J,Y,-,3,-,-,"- ",,,N,-,0,0,B,2007,INFINITI,A,"7 ",,A,,-,-,2015
6907316,2,1,N,F,34,A,-,S,M,J,Y,-,3,-,-,"- ",,,N,-,0,1,A,2012,MAZDA,A,"1 ",,A,,-,-,2015
6908881,1,1,Y,F,17,A,-,N,M,G,Y,-,3,-,-,"- ",,,F,-,0,1,C,2015,BMW,A,"1 ",,W,-,-,-,2015
6914256,1,1,Y,M,93,A,-,E,L,G,Y,-,-,-,-,"- ",,,-,-,0,1,E,2007,CHEVROLET,A,"1 ",,H,,-,-,2015
6914256,2,1,N,M,54,A,-,S,M,G,Y,-,-,-,-,"- ",,,N,-,0,0,B,2014,HYUNDAI,A,"1 ",,H,,-,-,2015
6924788,1,1,Y,F,47,A,-,E,-,-,N,-,-,-,-,"- ",,,E,-,0,0,B,2003,TOYOTA,D,22,,A,,-,-,2015
6924788,2,4,N,M,10,A,-,N,-,-,O,-,-,-,-,"- ",,,-,-,0,1,B,,-,L,"4 ",,W,,-,-,2015
6924796,1,1,N,-,998,G,G,W,-,-,,-,3,-,-,"- ",,,N,-,0,0,D,2014,DODGE,F,27,,,,-,-,2015
6924796,2,4,N,F,47,A,-,S,-,-,O,-,3,-,-,"- ",,,N,-,0,1,B,,-,L,"4 ",,A,,-,-,2015
6924812,1,1,Y,F,68,A,-,E,M,G,Y,-,3,-,-,"- ",,,N,-,0,0,B,2013,HONDA,A,"1 ",,W,,-,-,2015
6924812,2,1,N,F,44,A,-,N,M,G,Y,-,3,-,-,"- ",,,N,-,0,1,B,2009,BMW,A,"1 ",,W,,-,-,2015
6924816,1,1,Y,M,84,A,-,S,M,G,Y,-,3,-,-,"- ",,,N,-,0,0,E,2008,CHEVROLET,A,"8 ",,W,,-,-,2015
6924816,2,1,N,M,19,A,-,N,P,W,Y,-,3,-,,25,22350,,A,-,0,1,B,2008,SUZUKI,C,"3 ",,W,,-,-,2015
6924824,1,1,N,M,27,A,-,E,L,G,Y,-,3,-,-,"- ",,,N,-,0,1,A,2015,VOLKSWAGEN,A,"1 ",,O,,-,-,2015
6924824,2,1,N,F,55,A,-,E,M,G,Y,-,3,-,-,"- ",,,N,-,0,0,B,1996,JEEP,A,"7 ",,H,,-,-,2015
6927781,1,1,N,M,66,A,-,W,L,J,Y,-,3,-,-,"- ",,,N,-,0,1,B,2001,BMW,A,"1 ",,W,,-,-,2015
6927781,2,1,N,M,25,A,-,S,M,J,Y,-,3,-,-,"- ",,,N,-,0,0,B,2013,"OTHER - AUTO",A,"1 ",,W,,-,-,2015
6935367,1,1,Y,F,47,A,-,S,L,G,Y,-,3,-,-,"- ",,,G,-,0,3,H,2005,ACURA,A,"7 ",,A,,-,-,2015
6935367,2,1,N,F,36,A,-,S,M,G,Y,-,3,-,-,"- ",,,G,-,0,1,B,2005,TOYOTA,D,22,,A,,-,-,2015
6937716,1,1,Y,F,23,B,-,S,L,G,Y,-,3,-,,31,22107,,A,F,0,1,R,2005,MINI,A,"1 ",,W,C,-,-,2015
6937716,2,3,N,-,998,H,H,S,-,-,O,-,3,-,-,"- ",,,N,-,0,0,O,2009,-,K,45,,,,-,-,2015
6953168,1,1,Y,F,75,A,-,E,M,J,Y,-,3,-,-,"- ",,,N,-,0,0,B,2014,BUICK,A,"1 ",,W,,-,-,2015
6953168,2,1,N,F,19,A,-,S,M,J,Y,-,3,-,-,"- ",,,N,-,0,1,B,2015,VOLKSWAGEN,A,"1 ",,W,,-,-,2015
6953169,1,2,Y,F,77,A,-,S,-,-,O,-,3,-,-,"- ",,,N,-,0,1,R,,-,N,60,,W,,-,-,2015
6953169,2,4,N,M,64,A,-,E,-,-,O,-,3,-,-,"- ",,,N,-,0,1,B,,-,L,"4 ",,A,,-,-,2015
6962209,1,4,Y,F,61,A,-,-,-,-,O,-,3,-,-,"- ",,,F,-,0,1,B,,-,L,"4 ",,W,-,-,-,2015
6964395,1,1,Y,M,44,A,-,W,M,G,Y,-,3,-,-,"- ",,,N,-,0,0,B,2014,TOYOTA,A,"1 ",,O,,-,-,2015
6964395,2,4,N,M,35,A,-,W,-,-,O,-,3,-,-,"- ",,,N,-,0,1,B,,-,L,"4 ",,W,,-,-,2015
6964396,1,1,Y,F,36,-,I,E,M,G,Y,-,3,-,-,"- ",,,M,-,0,0,B,2015,VOLKSWAGEN,A,"1 ",,A,,-,-,2015
6964396,2,1,N,F,75,A,-,E,M,G,Y,-,3,-,-,"- ",,,N,-,0,1,A,2014,FORD,A,"1 ",,W,,-,-,2015
6964396,3,1,N,F,41,A,-,E,M,G,Y,-,3,-,-,"- ",,,N,-,0,0,A,2001,BMW,A,"1 ",,O,,-,-,2015
6994615,1,1,Y,M,55,A,-,S,L,G,Y,-,3,-,-,"- ",,,N,-,0,1,B,2014,AUDI,A,"1 ",,W,,-,-,2015
7008319,1,1,Y,M,22,A,-,S,L,G,Y,-,3,-,-,"- ",,,N,-,0,0,D,1994,ISUZU,D,22,,W,,-,-,2015
7008319,2,1,N,M,48,A,-,W,L,G,Y,-,3,-,-,"- ",,,N,-,0,1,B,2015,HONDA,A,"1 ",,A,,-,-,2015
7008413,1,1,Y,F,27,A,-,W,L,G,Y,-,-,-,-,"- ",,,L,N,0,2,B,2003,HONDA,A,"1 ",,W,,-,-,2015
7013931,1,4,N,M,62,A,-,S,-,-,O,-,3,-,-,"- ",,,N,-,0,1,D,,-,L,"4 ",,W,,-,-,2015
7028056,1,1,N,F,51,-,I,W,L,G,Y,-,3,-,-,"- ",,,N,-,0,1,B,2012,AUDI,A,"1 ",,W,,-,-,2015
7028056,2,1,N,M,27,A,-,W,M,G,Y,-,3,-,-,"- ",,,N,-,0,0,A,2002,CHEVROLET,F,26,,W,,-,-,2015
7028210,1,1,Y,M,57,A,-,N,M,G,Y,-,3,-,-,"- ",,,F,-,0,1,B,2007,HONDA,A,"1 ",,O,F,-,-,2015
7028210,2,1,N,F,53,A,-,N,M,G,Y,-,3,-,-,"- ",,,N,-,0,1,A,2002,FORD,A,"1 ",,W,,-,-,2015
7028214,1,1,Y,M,51,A,-,N,M,J,Y,-,3,-,-,"- ",,,N,-,0,1,B,2004,HONDA,A,"1 ",,H,,-,-,2015
7028214,2,1,N,F,84,A,-,E,M,J,Y,-,3,-,-,"- ",,,N,-,0,1,E,2009,ACURA,A,"1 ",,W,,-,-,2015
7028218,1,4,Y,F,23,A,-,N,-,-,O,-,-,-,-,"- ",,,N,-,0,0,B,,-,L,"4 ",,A,,-,-,2015
7028218,2,2,N,F,65,A,-,N,-,-,O,-,-,-,-,"- ",,,N,-,0,1,B,,-,N,60,,W,,-,-,2015
7028222,1,1,Y,F,24,A,-,W,M,G,Y,-,3,-,-,"- ",,,N,-,0,0,B,2014,MERCEDES-BENZ,A,"1 ",,W,,-,-,2015
7028222,2,2,N,F,36,A,-,S,-,-,O,-,3,-,-,"- ",,,N,-,0,1,B,,-,N,60,,A,,-,-,2015
7028222,3,2,N,M,2,A,-,S,-,-,O,-,3,-,-,"- ",,,N,-,0,1,B,,-,N,60,,A,,-,-,2015
7028226,1,1,Y,F,42,A,-,N,M,G,Y,-,3,-,-,"- ",,,N,-,0,0,E,2008,TOYOTA,A,"1 ",,O,,-,-,2015
7028226,2,2,N,F,95,A,-,E,-,-,O,-,3,-,-,"- ",,,N,-,0,1,B,,-,N,60,,W,,-,-,2015
7044027,1,1,Y,M,16,A,-,E,M,J,Y,-,3,-,-,"- ",,,N,-,0,0,B,2005,CHEVROLET,A,"7 ",,O,,-,-,2015
7044027,2,1,N,M,57,A,-,E,M,J,Y,-,3,-,-,"- ",,,N,-,0,1,A,2005,BMW,A,"7 ",,O,,-,-,2015
7044027,3,1,N,M,17,A,-,E,M,J,Y,-,3,-,-,"- ",,,N,-,0,0,A,2001,HONDA,A,"8 ",,W,,-,-,2015
7044027,4,1,N,F,58,A,-,E,M,J,Y,-,3,-,-,"- ",,,N,-,0,0,A,2006,TOYOTA,A,"1 ",,W,,-,-,2015
7044031,1,1,Y,M,60,-,I,S,M,G,Y,-,3,-,-,"- ",,,N,-,0,1,M,1994,BMW,A,"1 ",,A,,-,-,2015
7047925,1,1,Y,F,24,A,-,W,M,G,Y,-,-,-,-,"- ",,,-,-,0,0,B,2015,HONDA,A,"1 ",,W,,-,-,2015
7047925,2,1,N,F,49,A,-,W,M,G,Y,-,-,-,-,"- ",,,-,-,0,1,A,2014,CHRYSLER,A,"1 ",,A,,-,-,2015
7067593,1,1,Y,M,64,A,-,W,L,J,Y,-,3,-,-,"- ",,,N,-,0,1,P,2007,KIA,A,"8 ",,W,,-,-,2015
7067593,2,1,N,M,36,A,-,W,M,J,Y,-,3,-,-,"- ",,,N,-,0,0,A,2011,BMW,A,"1 ",,O,,-,-,2015
7067594,1,1,N,M,998,G,G,N,-,-,,-,-,-,-,"- ",,,N,-,0,0,B,,-,A,"1 ",,W,,-,-,2015
7067594,2,1,N,F,49,A,-,N,M,G,Y,-,3,-,-,"- ",,,N,-,0,1,A,2015,FIAT,A,"1 ",,A,,-,-,2015
7078620,1,1,Y,F,39,A,-,E,L,G,Y,-,3,-,-,"- ",,,N,-,0,1,B,2004,VOLVO,A,"1 ",,W,,-,-,2015
7078620,2,1,N,F,45,A,-,E,M,G,Y,-,3,-,-,"- ",,,N,-,0,1,A,2006,HONDA,A,"1 ",,A,,-,-,2015
7078669,1,1,Y,F,80,A,-,S,M,G,Y,-,-,-,-,"- ",,,-,-,0,0,B,2002,LEXUS,A,"1 ",,W,,-,-,2015
7078669,2,4,N,F,16,A,-,W,-,-,O,-,-,-,-,"- ",,,-,-,0,1,B,,-,L,"4 ",,W,,-,-,2015
7094872,1,4,Y,M,13,A,-,S,-,-,O,-,3,-,-,"- ",,,-,-,0,1,L,,-,L,"4 ",,A,,-,-,2015
7094872,2,1,N,M,46,A,-,E,M,G,Y,-,3,-,-,"- ",,,E,-,0,0,B,2013,CHEVROLET,A,"1 ",,A,,-,-,2015
7105386,1,4,N,M,61,A,-,N,-,-,O,-,3,-,-,"- ",,,N,-,0,1,B,,-,L,"4 ",,W,,-,-,2015
7107087,1,1,Y,F,42,A,-,N,M,G,Y,-,3,-,-,"- ",,,N,-,0,1,F,1998,TOYOTA,A,"8 ",,H,,-,-,2015
7107087,2,1,N,F,30,A,-,E,M,G,Y,-,3,-,-,"- ",,,N,-,0,0,B,2012,VOLKSWAGEN,A,"1 ",,W,,-,-,2015
7124464,1,1,N,M,33,G,G,E,M,B,Y,-,3,-,-,"- ",,,N,-,0,1,C,2008,"INTERNATIONAL HARVESTER",G,25,32,H,,-,-,2015
7124630,1,1,Y,M,22,A,-,E,M,G,Y,-,3,-,-,"- ",,,N,-,0,0,D,2016,HYUNDAI,A,"1 ",,W,,-,-,2015
7124630,2,4,N,M,46,A,-,E,-,-,O,-,3,-,-,"- ",,,N,-,0,1,B,,-,L,"4 ",,O,,-,-,2015
7125686,1,1,Y,M,83,A,-,S,M,G,Y,-,3,-,-,"- ",,,E,-,0,0,E,2015,TOYOTA,A,"1 ",,W,,-,-,2015
7125686,2,2,N,F,83,-,,-,-,-,O,-,-,-,-,"- ",,,-,-,0,1,-,,-,N,60,,A,,-,-,2015
7125690,1,1,Y,F,61,A,-,S,M,G,Y,-,3,-,,31,22107,,A,-,0,1,D,2005,TOYOTA,A,"1 ",,A,,-,-,2015
7125690,2,1,N,F,41,A,-,W,L,G,Y,-,3,-,-,"- ",,,N,-,0,0,B,2000,HONDA,A,"1 ",,O,,-,-,2015
7125717,1,1,Y,F,91,A,-,N,M,G,Y,-,3,-,-,"- ",,,N,-,0,1,B,2006,MERCEDES-BENZ,A,"1 ",,W,,-,-,2015
7140178,1,1,Y,M,18,A,-,E,L,B,,-,-,-,-,"- ",,,-,-,0,2,B,1997,TOYOTA,A,"1 ",,H,,-,-,2015
7140178,2,3,N,-,998,H,H,E,-,-,O,-,-,-,-,"- ",,,L,-,0,0,O,2002,ACURA,A,"1 ",,,,-,-,2015
7140178,3,3,N,-,998,H,H,E,-,-,O,-,-,-,-,"- ",,,L,-,0,0,O,2010,MAZDA,A,"1 ",,,,-,-,2015
7141859,1,1,Y,M,34,B,-,E,M,G,,-,3,-,,25,22350,,A,-,0,1,B,1996,HONDA,A,"1 ",,H,,-,-,2015
7141859,2,1,N,M,31,A,-,E,M,G,Y,-,3,-,-,"- ",,,N,-,0,2,A,2008,BMW,A,"1 ",,A,,-,-,2015
7141863,1,1,Y,M,30,A,-,E,L,J,Y,-,3,-,-,"- ",,,N,-,0,0,B,2001,NISSAN,A,"1 ",,H,,-,-,2015
7141863,2,1,N,F,64,A,-,E,M,J,Y,-,3,-,-,"- ",,,N,-,0,1,A,2009,TOYOTA,A,"1 ",,W,,-,-,2015
7141863,3,1,N,F,20,A,-,E,M,J,Y,-,3,-,-,"- ",,,N,-,0,0,A,1994,FORD,A,"1 ",,W,,-,-,2015
7147857,1,1,Y,M,67,A,-,W,M,G,Y,-,3,-,-,"- ",,,N,-,0,0,B,1996,NISSAN,A,"1 ",,W,,-,-,2015
7147857,2,1,N,F,42,A,-,W,M,G,Y,-,3,-,-,"- ",,,N,-,0,1,A,2013,AUDI,A,"1 ",,O,,-,-,2015
7147906,1,1,Y,F,18,A,-,W,L,G,Y,-,3,-,-,"- ",,,-,-,0,1,E,1994,VOLVO,A,"1 ",,O,,-,-,2015
7147906,2,1,N,F,51,A,-,N,M,G,Y,-,3,-,-,"- ",,,N,-,0,0,A,2013,MAZDA,A,"7 ",,W,,-,-,2015
7148654,1,1,Y,F,40,A,-,W,L,G,Y,-,3,-,-,"- ",,,N,-,0,1,B,2005,LEXUS,A,"7 ",,O,,-,-,2016
7148654,2,1,N,M,32,A,-,N,M,G,Y,-,3,-,-,"- ",,,N,-,0,2,B,1995,TOYOTA,D,22,,H,,-,-,2016
7157625,1,4,Y,M,72,A,-,E,-,-,O,-,3,-,,25,22350,,A,F,0,1,B,,-,L,"4 ",,A,-,-,-,2015
7157625,2,1,N,F,53,A,-,S,-,G,Y,-,3,-,-,"- ",,,N,-,0,0,A,2014,TOYOTA,A,"1 ",,H,,-,-,2015
7157682,1,4,Y,M,15,A,-,E,-,-,O,-,3,-,-,"- ",,,N,-,0,1,B,,-,L,"4 ",,W,,-,-,2016
7157682,2,1,N,F,61,A,-,S,M,G,Y,-,3,-,-,"- ",,,N,-,0,0,D,2004,ACURA,A,"7 ",,W,,-,-,2016
7166280,1,1,Y,F,61,A,-,-,L,G,Y,-,3,-,-,"- ",,,N,-,0,1,E,2013,MAZDA,A,"1 ",,A,,-,-,2016
7166280,2,1,N,F,43,A,-,E,M,G,Y,-,3,-,-,"- ",,,N,-,0,1,B,2008,MAZDA,A,"7 ",,A,,-,-,2016
7178348,1,1,Y,M,61,A,-,S,M,G,Y,-,-,-,-,"- ",,,N,-,0,0,B,2008,CHEVROLET,D,22,,O,,-,-,2016
7178348,2,1,N,F,27,A,-,S,M,G,Y,-,-,-,-,"- ",,,N,-,0,1,B,2010,NISSAN,A,"1 ",,H,,-,-,2016
7192668,1,1,Y,M,24,B,-,N,L,G,Y,-,-,-,,23,21453,A,A,-,0,1,B,1999,DODGE,D,22,,H,,-,-,2016
7192668,2,1,N,F,56,A,-,S,L,G,Y,-,-,-,-,"- ",,,N,-,0,1,E,2013,SUBARU,A,"1 ",,W,,-,-,2016
7192758,1,1,Y,-,998,G,G,W,-,-,,-,-,-,-,"- ",,,N,-,0,0,I,,DODGE,A,"1 ",,,,-,-,2016
7192758,2,4,N,F,35,A,-,W,-,-,O,-,3,-,-,"- ",,,N,-,0,1,B,,-,L,"4 ",,W,,-,-,2016
7192762,1,1,N,F,62,A,-,N,M,G,Y,-,3,-,-,"- ",,,N,-,0,1,B,2008,HYUNDAI,A,"1 ",,O,,-,-,2016
7192762,2,1,N,M,27,A,-,W,M,G,Y,-,3,-,-,"- ",,,N,-,0,0,E,2000,HONDA,A,"1 ",,A,,-,-,2016
7201304,1,1,Y,F,47,A,-,E,L,G,Y,-,3,-,-,"- ",,,N,-,0,1,F,2014,BMW,A,"1 ",,W,,-,-,2016
7201304,2,1,N,M,34,A,-,N,L,G,Y,-,3,-,-,"- ",,,N,-,0,1,B,2014,MAZDA,A,"1 ",,O,,-,-,2016
8000487,1,1,N,M,32,A,-,W,P,G,Y,-,3,-,-,"- ",,,N,-,0,1,B,2014,"OTHER - BUS",I,20,,O,,-,-,2016
8000487,2,1,N,M,47,A,-,E,M,G,Y,-,3,-,-,"- ",,,N,-,0,0,D,2005,TOYOTA,A,"1 ",,A,,-,-,2016
8000612,1,1,Y,F,61,A,-,N,M,G,Y,-,-,-,-,"- ",,,J,-,0,0,E,2009,TOYOTA,A,"7 ",,O,,-,-,2016
8000612,2,1,N,M,56,A,-,S,L,G,Y,-,-,-,-,"- ",,,N,-,0,1,B,1995,TOYOTA,A,"1 ",,O,,-,-,2016
8011640,1,1,Y,F,25,A,-,N,M,G,Y,-,1,-,,00,23123,A,A,F,0,0,B,2011,TOYOTA,A,"7 ",,H,-,-,-,2016
8011640,2,1,N,M,59,A,-,N,M,G,Y,-,3,-,-,"- ",,,N,-,0,1,A,2012,FORD,A,"1 ",,W,,-,-,2016
8011644,1,4,Y,M,54,A,-,E,-,-,O,-,3,-,-,"- ",,,N,-,0,1,B,,-,L,"4 ",,W,,-,-,2016
8012683,1,1,Y,F,51,A,-,W,M,G,Y,-,3,-,-,"- ",,,N,-,0,0,D,2012,BMW,A,"1 ",,W,,-,-,2016
8012683,2,1,N,F,35,A,-,W,M,G,Y,-,3,-,-,"- ",,,N,-,0,1,D,2002,SUBARU,A,"1 ",,A,,-,-,2016
8012686,1,1,Y,F,26,A,-,E,L,G,Y,-,3,-,-,"- ",,,N,-,0,1,H,2006,NISSAN,A,"1 ",,H,,-,-,2016
8012686,2,1,N,M,52,A,-,E,M,G,Y,-,-,-,-,"- ",,,N,-,0,0,A,2013,TERBERG,A,"1 ",,H,,-,-,2016
8012695,1,1,Y,F,19,A,-,S,M,G,Y,-,3,-,-,"- ",,,N,-,0,0,B,1999,NISSAN,A,"1 ",,W,,-,-,2016
8012695,2,1,N,M,27,A,-,S,M,G,Y,-,3,-,-,"- ",,,N,-,0,1,B,2015,CHEVROLET,A,"1 ",,H,,-,-,2016
8017299,1,4,Y,M,67,A,-,N,-,-,O,-,3,-,-,"- ",,,L,-,0,1,B,,-,L,"4 ",,W,,-,-,2016
8030217,1,1,Y,M,27,A,-,N,M,G,Y,-,3,-,-,"- ",,,N,-,0,1,B,2003,TOYOTA,A,"1 ",,W,,-,-,2016
8030217,2,1,N,F,57,A,-,N,M,G,Y,-,3,-,-,"- ",,,N,-,0,2,A,2012,HYUNDAI,A,"1 ",,W,,-,-,2016
8037599,1,4,Y,M,41,A,-,W,-,-,O,-,-,-,-,"- ",,,F,-,0,1,F,,-,L,"4 ",,O,-,-,-,2016
8037599,2,1,N,M,59,A,-,W,M,G,Y,-,-,-,-,"- ",,,N,-,0,0,B,2003,VOLKSWAGEN,A,"1 ",,O,,-,-,2016
8040697,1,1,Y,M,44,-,I,E,L,G,Y,-,3,-,-,"- ",,,N,-,0,1,B,2015,TOYOTA,A,"1 ",,A,,-,-,2016
8040697,2,1,N,M,30,A,-,E,M,G,Y,-,3,-,-,"- ",,,N,-,0,0,A,2011,MERCEDES-BENZ,A,"1 ",,A,,-,-,2016
8040697,3,1,N,M,51,A,-,E,M,G,Y,-,3,-,-,"- ",,,N,-,0,0,A,2016,CHEVROLET,A,"1 ",,W,,-,-,2016
8041064,1,4,Y,M,13,A,-,W,-,-,O,-,3,-,-,"- ",,,N,-,0,1,B,,-,L,"4 ",,W,,-,-,2016
8041064,2,1,N,F,53,A,-,S,M,G,Y,-,3,-,-,"- ",,,N,-,0,0,B,2006,TOYOTA,A,"1 ",,H,,-,-,2016
8048398,1,1,Y,M,18,A,-,W,M,B,Y,-,3,-,-,"- ",,,N,-,0,0,B,2001,BMW,A,"1 ",,W,,-,-,2016
8048398,2,2,N,M,58,A,-,N,-,-,O,-,3,-,-,"- ",,,N,-,0,1,B,,-,N,60,,W,,-,-,2016
8051094,1,1,Y,M,33,A,-,E,M,G,Y,-,3,-,-,"- ",,,N,-,0,0,B,2011,CHEVROLET,D,22,,W,,-,-,2016
8051094,2,1,N,F,43,A,-,E,M,G,Y,-,3,-,-,"- ",,,N,-,0,2,B,2011,TOYOTA,A,"8 ",,O,,-,-,2016
8051094,3,1,N,M,50,A,-,E,M,G,Y,-,3,-,-,"- ",,,N,-,0,1,A,2014,TOYOTA,A,"1 ",,A,,-,-,2016
8051094,4,1,N,M,70,A,-,E,M,G,Y,-,3,-,-,"- ",,,N,-,0,2,B,2014,BMW,A,"1 ",,O,,-,-,2016
8051206,1,1,Y,F,34,A,-,E,L,J,Y,-,3,-,-,"- ",,,N,-,0,1,B,2013,TOYOTA,A,"7 ",,O,,-,-,2016
8051206,2,1,N,M,39,A,-,N,L,J,Y,-,3,-,-,"- ",,,N,-,0,1,B,2008,ACURA,A,"7 ",,W,,-,-,2016
8065705,1,2,Y,M,50,A,-,S,-,-,O,-,3,-,-,"- ",,,N,-,0,1,L,,-,N,60,,H,,-,-,2016
8065705,2,1,N,M,76,A,-,-,M,G,Y,-,3,-,-,"- ",,,N,-,0,0,B,2000,DODGE,A,"1 ",,,,-,-,2016
8065709,1,1,Y,F,55,A,-,N,L,G,Y,-,3,-,-,"- ",,,N,-,0,1,F,2003,BMW,A,"1 ",,O,,-,-,2016
8065709,2,1,N,F,74,A,-,S,M,G,Y,-,3,-,-,"- ",,,N,-,0,1,B,2012,HYUNDAI,A,"1 ",,W,,-,-,2016
8065761,1,4,Y,F,34,A,-,W,-,-,O,-,3,-,-,"- ",,,F,-,0,1,B,,-,L,"4 ",,,-,-,-,2016
8065805,1,1,Y,-,998,G,G,W,-,-,,-,-,-,-,"- ",,,N,-,0,0,B,,CHEVROLET,A,"1 ",,,,-,-,2016
8065805,2,1,N,M,35,A,-,S,M,G,Y,-,3,-,-,"- ",,,N,-,0,0,E,2005,TOYOTA,A,"1 ",,H,,-,-,2016
8065805,3,1,N,M,67,A,-,S,L,G,Y,-,3,-,-,"- ",,,N,-,0,1,E,2006,TOYOTA,A,"1 ",,H,,-,-,2016
8072464,1,1,Y,M,31,A,-,W,M,G,Y,-,3,-,-,"- ",,,N,-,0,0,E,2009,VOLKSWAGEN,A,"1 ",,W,,-,-,2016
8072464,2,2,N,F,40,A,-,S,-,-,O,-,3,-,-,"- ",,,N,-,0,1,B,,-,N,60,,W,,-,-,2016
8072468,1,1,Y,M,88,A,-,E,M,G,Y,-,3,-,-,"- ",,,E,-,0,1,B,1997,INFINITI,A,"1 ",,W,,-,-,2016
8072468,2,1,N,M,20,A,-,N,M,G,Y,-,3,-,-,"- ",,,N,-,0,0,B,2008,LEXUS,A,"7 ",,W,,-,-,2016
8078220,1,1,Y,F,17,A,-,E,L,G,Y,-,3,-,-,"- ",,,N,-,0,1,E,2015,HONDA,A,"1 ",,W,,-,-,2016
8078220,2,1,N,M,56,A,-,S,L,G,Y,-,3,-,-,"- ",,,N,-,0,1,B,1997,FORD,D,22,,H,,-,-,2016
8091480,1,1,N,F,32,A,-,W,M,G,Y,-,3,-,-,"- ",,,J,-,0,1,F,2014,CHEVROLET,A,"1 ",,H,,-,-,2016
8091480,2,1,N,M,66,A,-,-,M,G,Y,-,3,-,-,"- ",,,N,-,0,0,B,2008,HINO,F,26,,H,,-,-,2016
8091556,1,1,Y,F,44,A,-,S,M,G,Y,-,3,-,-,"- ",,,N,-,0,0,E,2015,MINI,A,"1 ",,W,,-,-,2016
8091556,2,4,N,F,10,A,-,N,-,-,O,-,3,-,-,"- ",,,N,-,0,1,E,,-,L,"4 ",,W,,-,-,2016
8091841,1,4,N,M,16,A,-,W,-,-,O,-,3,-,-,"- ",,,N,-,0,1,B,,-,L,"4 ",,W,,-,-,2016
8091845,1,1,Y,M,68,A,-,E,L,G,Y,-,3,-,-,"- ",,,N,-,0,0,B,2007,TOYOTA,A,"1 ",,W,,-,-,2016
8091845,2,1,N,F,51,A,-,E,M,G,Y,-,3,-,-,"- ",,,N,-,0,1,A,2013,HYUNDAI,A,"1 ",,W,,-,-,2016
8091854,1,1,Y,F,59,A,-,W,M,G,Y,-,3,-,-,"- ",,,N,-,0,0,A,2008,HONDA,A,"1 ",,W,,-,-,2016
8091854,2,1,N,F,50,A,-,W,M,G,Y,-,3,-,-,"- ",,,N,-,0,1,B,2013,HONDA,A,"1 ",,W,,-,-,2016
8091858,1,1,Y,M,32,A,-,N,L,G,Y,-,3,-,-,"- ",,,M,-,0,1,B,2005,CHEVROLET,A,"7 ",,W,,-,-,2016
8091858,2,1,N,M,56,A,-,N,M,G,Y,-,3,-,-,"- ",,,N,-,0,1,B,1999,TOYOTA,A,"1 ",,W,,-,-,2016
8091862,1,1,Y,F,76,A,-,E,L,G,Y,-,3,-,-,"- ",,,N,-,0,1,E,2005,MERCEDES-BENZ,A,"1 ",,A,,-,-,2016
8091862,2,1,N,M,52,A,-,N,L,G,Y,-,3,-,-,"- ",,,N,-,0,0,B,2008,HONDA,A,"1 ",,W,,-,-,2016
8104056,1,1,Y,M,25,A,-,W,L,G,Y,-,3,-,-,"- ",,,N,-,0,0,B,2014,NISSAN,A,"1 ",,A,,-,-,2016
8104056,2,1,N,F,53,A,-,W,M,G,Y,-,2,-,-,"- ",,,N,-,0,1,A,2005,MERCEDES-BENZ,A,"1 ",,W,,-,-,2016
8104109,1,4,Y,M,64,A,-,W,-,-,O,-,3,-,-,"- ",,,N,-,0,1,B,,-,L,"4 ",,W,,-,-,2016
8104113,1,1,Y,M,63,A,-,W,M,J,Y,-,3,-,-,"- ",,,N,-,0,0,J,2011,TOYOTA,A,"1 ",,W,,-,-,2016
8104113,2,1,N,F,50,A,-,W,P,W,Y,-,3,-,-,"- ",,,N,-,0,1,B,2013,-,C,"3 ",,W,,-,-,2016
8106074,1,1,Y,F,64,A,-,S,M,G,Y,-,3,-,-,"- ",,,G,-,0,0,B,2013,AUDI,A,"1 ",,A,,-,-,2016
8106074,2,1,N,F,23,A,-,S,M,G,Y,-,3,-,-,"- ",,,G,-,0,0,B,2001,FORD,A,"1 ",,W,,-,-,2016
8106074,3,1,N,F,45,A,-,S,M,G,Y,-,3,-,-,"- ",,,G,-,0,1,A,2010,BMW,A,"1 ",,A,,-,-,2016
8106078,1,1,Y,M,43,A,-,S,L,G,Y,-,3,-,-,"- ",,,F,-,0,3,B,2012,HONDA,A,"8 ",,W,C,-,-,2016
8106078,2,1,N,M,60,A,-,S,M,G,Y,-,3,-,-,"- ",,,N,-,0,1,A,2013,TOYOTA,A,"1 ",,A,,-,-,2016
8106078,3,1,N,M,53,A,-,S,M,G,Y,-,3,-,-,"- ",,,N,-,0,1,A,1999,VOLVO,A,"1 ",,A,,-,-,2016
8110902,1,1,Y,M,68,A,-,W,M,G,N,-,-,-,-,"- ",,,F,-,0,0,B,1994,CADILLAC,A,"1 ",,B,-,-,-,2016
8110902,2,1,N,F,34,A,-,S,M,G,Y,-,-,-,-,"- ",,,N,-,0,1,E,1999,DODGE,A,"1 ",,,,-,-,2016
8121044,1,1,Y,F,46,A,-,S,M,G,Y,-,-,-,-,"- ",,,N,-,0,0,E,2016,MERCEDES-BENZ,A,"8 ",,A,,-,-,2016
8121044,2,2,N,F,41,A,-,E,-,-,O,-,-,-,-,"- ",,,N,-,0,1,R,,-,N,60,,W,,-,-,2016
8126485,1,4,N,M,53,A,-,E,-,-,O,-,3,-,-,"- ",,,N,-,0,1,B,,-,L,"4 ",,W,,-,-,2016
8134037,1,1,Y,F,96,G,G,N,M,G,Y,-,D,-,-,"- ",,,N,-,0,1,N,1999,TOYOTA,-,,,W,,-,-,2016
8134037,2,1,N,M,50,A,-,S,M,G,Y,-,D,-,-,"- ",,,N,-,0,0,A,2005,TOYOTA,-,,,W,,-,-,2016
8134041,1,1,Y,F,59,A,-,N,L,J,Y,-,3,-,,25,22350,,A,-,0,0,B,2010,BMW,A,"7 ",,W,,-,-,2016
8134041,2,1,N,M,41,A,-,E,L,J,Y,-,3,-,-,"- ",,,N,-,0,2,B,2016,TESLA,A,"1 ",,O,,-,-,2016
8134041,3,3,N,-,998,H,H,N,-,-,O,-,-,-,-,"- ",,,N,-,0,0,O,2015,SUBARU,A,"1 ",,,,-,-,2016
8134045,1,4,N,M,71,A,-,S,-,-,O,-,-,-,-,"- ",,,N,-,0,1,B,,-,L,"4 ",,,,-,-,2016
8134049,1,4,N,M,28,A,-,E,-,-,O,-,3,-,-,"- ",,,N,-,0,1,B,,-,L,"4 ",,W,,-,-,2016
8152615,1,1,Y,M,26,A,-,S,P,W,Y,-,3,-,-,"- ",,,N,-,0,1,D,2016,HARLEY-DAVIDSON,C,"2 ",,H,,-,-,2016
8152755,1,1,Y,F,18,A,-,S,L,G,Y,-,3,-,-,"- ",,,N,-,0,1,B,2008,BMW,A,"1 ",,B,,-,-,2016
8152755,2,1,N,F,40,A,-,S,M,G,Y,-,3,-,-,"- ",,,N,-,0,0,A,2016,NISSAN,A,"1 ",,W,,-,-,2016
8152759,1,1,Y,-,998,D,-,S,-,-,N,-,-,-,-,"- ",,,N,-,0,0,B,,-,A,"7 ",,,,-,-,2016
8152759,2,1,N,F,23,A,-,S,M,G,Y,-,3,-,-,"- ",,,N,-,0,1,A,1997,NISSAN,A,"1 ",,A,,-,-,2016
8156374,1,1,Y,F,52,A,-,N,M,G,Y,-,3,-,-,"- ",,,N,-,0,0,B,2010,TOYOTA,A,"1 ",,A,,-,-,2016
8156374,2,4,N,M,75,A,-,E,-,-,O,-,3,-,-,"- ",,,N,-,0,1,E,,-,L,"4 ",,W,,-,-,2016
8160269,1,1,Y,M,998,G,G,N,-,-,N,-,-,-,-,"- ",,,G,-,0,0,B,,-,A,"1 ",,,,-,-,2016
8160269,2,1,N,F,27,A,-,N,M,G,Y,-,-,-,-,"- ",,,G,-,0,1,A,2012,VOLKSWAGEN,A,"1 ",,O,,-,-,2016
8174947,1,1,Y,F,28,A,-,W,L,G,Y,-,3,-,-,"- ",,,F,-,0,1,B,2016,JEEP,A,"7 ",,O,-,-,-,2016
8174947,2,1,N,M,47,A,-,W,M,G,Y,-,3,-,-,"- ",,,N,-,0,2,B,2012,VOLKSWAGEN,A,"1 ",,W,,-,-,2016
8174947,3,1,N,F,48,A,-,W,M,G,Y,-,3,-,-,"- ",,,N,-,0,0,B,2001,LEXUS,A,"1 ",,A,,-,-,2016
8174951,1,1,Y,F,68,A,-,W,M,G,Y,-,3,-,-,"- ",,,N,-,0,0,B,2002,HONDA,A,"1 ",,W,,-,-,2016
8174951,2,4,N,M,16,A,-,N,-,-,O,-,3,-,-,"- ",,,N,-,0,1,B,,-,L,"4 ",,W,,-,-,2016
8174955,1,1,Y,F,46,A,-,S,M,G,Y,-,3,-,-,"- ",,,E,-,0,0,E,2016,TOYOTA,A,"1 ",,W,,-,-,2016
8174955,2,4,N,M,62,A,-,E,-,-,O,-,3,-,-,"- ",,,N,-,0,1,B,,-,L,"4 ",,W,,-,-,2016
8187377,1,1,Y,-,998,G,G,S,-,-,,-,-,-,-,"- ",,,N,-,0,0,B,,DODGE,D,22,,,,-,-,2016
8187377,2,1,N,F,53,A,-,E,M,G,Y,-,-,-,-,"- ",,,N,-,0,1,B,2007,TOYOTA,A,"8 ",,W,,-,-,2016
8187916,1,4,Y,F,11,A,-,W,-,-,O,-,-,-,-,"- ",,,N,-,0,1,E,,-,L,"4 ",,A,,-,-,2016
8187916,2,1,N,F,72,A,-,S,M,G,Y,-,-,-,-,"- ",,,N,-,0,0,B,2007,TOYOTA,A,"1 ",,H,,-,-,2016
8189101,1,1,Y,F,80,A,-,S,M,J,Y,-,3,-,-,"- ",,,N,-,0,1,E,2000,HONDA,A,"1 ",,W,,-,-,2016
8189101,2,4,N,M,47,A,-,E,-,-,O,-,3,-,-,"- ",,,N,-,0,1,B,,-,L,"4 ",,H,,-,-,2016
8194401,1,1,N,F,31,A,-,W,M,G,Y,-,3,-,-,"- ",,,N,-,0,0,B,2014,"OTHER - BUS",I,20,,W,,-,-,2016
8194401,2,2,Y,M,24,A,-,S,-,-,O,-,3,-,-,"- ",,,N,-,0,1,B,,-,N,60,,W,,-,-,2016
8282016,1,1,Y,M,26,A,-,E,M,J,Y,-,3,-,-,"- ",,,N,-,0,1,B,2008,BMW,A,"1 ",,O,,-,-,2017
8282016,2,1,N,F,49,A,-,N,L,J,Y,-,3,-,-,"- ",,,N,-,0,2,B,2007,TOYOTA,A,"1 ",,A,,-,-,2017
8282024,1,1,Y,F,57,A,-,S,M,G,Y,-,3,-,-,"- ",,,-,-,0,0,G,2015,AUDI,A,"7 ",,W,,-,-,2017
8282024,2,2,N,F,24,A,-,-,-,-,O,-,3,-,-,"- ",,,N,-,0,1,-,,-,N,60,,W,,-,-,2017
8290192,1,1,Y,F,30,A,-,S,M,J,Y,-,3,-,-,"- ",,,N,-,0,0,B,2008,VOLKSWAGEN,A,"1 ",,W,,-,-,2017
8290192,2,1,N,F,30,A,-,S,M,J,Y,-,3,-,-,"- ",,,N,-,0,1,B,2008,TOYOTA,A,"1 ",,W,,-,-,2017
8290192,3,1,N,F,25,A,-,S,M,J,Y,-,3,-,-,"- ",,,N,-,0,1,B,2015,LEXUS,A,"1 ",,A,,-,-,2017
8298170,1,4,Y,M,61,A,-,N,-,-,O,-,-,-,-,"- ",,,F,-,0,1,B,,-,L,"4 ",,W,-,-,-,2017
8298170,2,1,N,M,51,A,-,N,M,G,Y,-,-,-,-,"- ",,,N,-,0,0,D,2000,TOYOTA,D,22,,H,,-,-,2017
8298344,1,1,N,M,24,A,-,N,M,G,Y,-,-,-,-,"- ",,,H,-,0,1,B,2010,FORD,A,"1 ",,W,,-,-,2017
8298344,2,1,N,M,31,A,-,N,M,G,Y,-,-,-,-,"- ",,,H,-,0,0,A,2000,HONDA,A,"1 ",,O,,-,-,2017
8312378,1,1,Y,M,27,A,-,N,M,J,Y,-,3,-,-,"- ",,,N,-,0,1,P,2008,FORD,D,22,,H,,-,-,2017
8315592,1,1,Y,F,24,A,-,N,M,J,Y,-,3,-,-,"- ",,,N,-,0,0,P,2003,TOYOTA,A,"7 ",,W,,-,-,2017
8315592,2,1,N,F,55,A,-,N,M,J,Y,-,3,-,-,"- ",,,N,-,0,1,A,2009,LEXUS,A,"1 ",,A,,-,-,2017
8315947,1,1,Y,M,22,A,-,E,L,G,,-,3,-,-,"- ",,,N,-,0,1,B,2008,MAZDA,A,"1 ",,H,,-,-,2017
8315947,2,3,N,-,998,H,H,E,-,-,O,-,3,-,-,"- ",,,-,-,0,0,O,2005,HONDA,A,"1 ",,,,-,-,2017
8315947,3,1,N,M,29,A,-,E,M,G,Y,-,3,-,-,"- ",,,N,-,0,0,B,2016,NISSAN,A,"1 ",,H,,-,-,2017
8315979,1,4,Y,F,14,A,-,E,-,-,O,-,3,-,-,"- ",,,N,-,0,1,E,,-,L,"4 ",,W,,-,-,2017
8315979,2,1,N,F,45,A,-,W,M,G,Y,-,3,-,-,"- ",,,N,-,0,0,B,2017,HONDA,A,"7 ",,A,,-,-,2017
8315983,1,1,Y,M,67,A,-,N,M,G,Y,-,3,-,-,"- ",,,N,-,0,0,H,2015,TOYOTA,A,"1 ",,W,,-,-,2017
8315983,2,2,N,M,21,A,-,E,-,-,O,-,3,-,-,"- ",,,N,-,0,1,B,,-,N,60,,H,,-,-,2017
8325828,1,1,Y,F,17,A,-,W,L,G,Y,-,3,-,-,"- ",,,N,-,0,1,B,2004,BMW,A,"7 ",,W,,-,-,2017
8325828,2,1,N,F,56,A,-,W,M,G,Y,-,3,-,-,"- ",,,N,-,0,0,H,1998,HONDA,A,"7 ",,H,,-,-,2017
8332919,1,1,Y,-,998,G,G,-,-,-,,-,-,-,-,"- ",,,N,-,0,0,B,,-,-,,,,,-,-,2017
8332919,2,4,N,F,15,A,-,S,-,-,O,-,-,-,,27,21650,1,A,-,0,1,D,,-,L,"4 ",,W,,-,-,2017
8334954,1,5,Y,-,998,A,-,E,-,-,O,-,-,-,-,"- ",,,O,-,0,1,G,2017,SUBARU,A,"7 ",,,,-,-,2017
8337324,1,1,Y,F,68,A,-,S,M,J,Y,-,3,-,-,"- ",,,E,-,0,0,E,2010,TOYOTA,A,"1 ",,W,,-,-,2017
8337324,2,2,N,M,53,A,-,E,-,-,O,-,3,-,-,"- ",,,N,-,0,1,B,,-,N,60,,O,,-,-,2017
8337324,3,2,N,F,48,A,-,E,-,-,O,-,3,-,-,"- ",,,N,-,0,1,B,,-,N,60,,O,,-,-,2017
8337332,1,1,Y,M,34,A,-,W,L,G,Y,-,3,-,-,"- ",,,N,-,0,0,B,2011,HONDA,A,"1 ",,H,,-,-,2017
8337332,2,1,N,F,61,A,-,S,L,G,Y,-,3,-,-,"- ",,,N,-,0,1,E,2015,AUDI,C,"6 ",,W,,-,-,2017
8341999,1,1,Y,F,34,A,-,N,M,G,Y,-,3,-,-,"- ",,,M,-,0,0,H,2010,TOYOTA,A,"8 ",,A,,-,-,2017
8341999,2,1,N,F,67,A,-,N,M,G,Y,-,3,-,-,"- ",,,N,-,0,0,A,2005,ACURA,A,"1 ",,W,,-,-,2017
8341999,3,1,N,F,59,A,-,N,M,G,Y,-,3,-,-,"- ",,,N,-,0,1,A,2013,VOLKSWAGEN,A,"1 ",,A,,-,-,2017
8348867,1,4,Y,M,52,A,-,W,-,-,O,-,3,-,-,"- ",,,N,-,0,1,B,,-,L,"4 ",,W,,-,-,2017
8348867,2,1,N,M,18,A,-,N,M,G,Y,-,3,-,-,"- ",,,N,-,0,0,E,2012,NISSAN,A,"1 ",,H,,-,-,2017
8349534,1,4,Y,M,64,A,-,E,-,-,O,-,3,-,-,"- ",,,N,-,0,1,B,,-,L,"4 ",,W,,-,-,2017
8349538,1,4,Y,M,24,A,-,E,-,-,O,-,-,-,-,"- ",,,F,-,0,1,B,,-,L,"4 ",,H,-,-,-,2017
8349538,2,1,N,M,63,A,-,S,M,G,Y,-,-,-,-,"- ",,,N,-,0,0,B,2001,TOYOTA,A,"1 ",,W,,-,-,2017
8349542,1,1,Y,M,29,A,-,W,M,J,Y,-,3,-,-,"- ",,,N,-,0,1,Q,2017,FORD,A,"1 ",,H,,-,-,2017
8349542,2,1,N,M,38,A,-,E,L,J,Y,-,3,-,-,"- ",,,N,-,0,1,B,2013,SCION,A,"1 ",,O,,-,-,2017
8358651,1,1,Y,M,69,A,-,W,M,G,Y,-,3,-,-,"- ",,,E,-,0,1,E,2006,HONDA,D,22,,W,,-,-,2017
8358651,2,1,N,F,21,A,-,-,L,G,Y,-,3,-,-,"- ",,,N,-,0,0,B,2016,HONDA,A,"1 ",,W,,-,-,2017
8362428,1,1,Y,M,34,A,-,S,L,G,Y,-,3,-,-,"- ",,,N,-,0,0,E,2012,NISSAN,A,"1 ",,H,,-,-,2017
8362428,2,1,N,F,44,A,-,W,L,G,Y,-,3,-,-,"- ",,,N,-,0,1,B,2016,BMW,A,"1 ",,A,,-,-,2017
8364835,1,1,Y,M,43,A,-,W,M,G,Y,-,3,-,-,"- ",,,N,-,0,0,H,2012,TOYOTA,A,"1 ",,W,,-,-,2017
8364835,2,1,N,F,38,A,-,W,M,G,Y,-,3,-,-,"- ",,,N,-,0,1,-,2010,TOYOTA,A,"8 ",,W,,-,-,2017
8364839,1,1,Y,F,67,A,-,N,M,G,Y,-,3,-,-,"- ",,,N,-,0,0,E,2015,NISSAN,A,"1 ",,W,,-,-,2017
8364839,2,1,N,F,41,A,-,E,L,G,Y,-,3,-,-,"- ",,,N,-,0,1,B,2014,BMW,A,"1 ",,W,,-,-,2017
8364843,1,1,Y,M,48,A,-,N,M,G,Y,-,-,-,-,"- ",,,N,-,0,0,D,2005,VOLVO,A,"1 ",,W,,-,-,2017
8364843,2,1,N,F,52,A,-,N,M,G,Y,-,-,-,-,"- ",,,N,-,0,1,F,1998,TOYOTA,A,"1 ",,A,,-,-,2017
8370115,1,1,Y,M,30,A,-,W,M,J,Y,-,3,-,-,"- ",,,N,-,0,0,B,2015,BMW,A,"7 ",,H,,-,-,2017
8370115,2,1,N,M,42,A,-,S,M,J,Y,-,3,-,-,"- ",,,N,-,0,1,B,2006,CHRYSLER,A,"1 ",,H,,-,-,2017
8370153,1,1,Y,M,79,G,G,S,M,G,Y,-,3,-,-,"- ",,,N,-,0,0,D,2008,LEXUS,A,"1 ",,A,,-,-,2017
8370153,2,4,N,M,45,A,-,S,-,-,O,-,3,-,-,"- ",,,N,-,0,1,B,,-,L,"4 ",,A,,-,-,2017
8371250,1,1,Y,F,44,A,-,S,M,J,Y,-,3,-,-,"- ",,,N,-,0,0,D,2013,INFINITI,A,"7 ",,O,,-,-,2017
8371250,2,4,N,M,11,A,-,N,-,-,O,-,3,-,-,"- ",,,N,-,0,1,B,,-,L,"4 ",,W,,-,-,2017
8371798,1,1,Y,F,25,A,-,E,M,G,Y,-,3,-,-,"- ",,,N,-,0,0,B,2014,TOYOTA,A,"1 ",,A,,-,-,2017
8371798,2,1,N,F,30,A,-,N,M,G,Y,-,3,-,-,"- ",,,N,-,0,1,A,2012,TOYOTA,A,"1 ",,W,,-,-,2017
8374021,1,1,Y,M,63,A,-,N,L,G,Y,-,3,-,-,"- ",,,N,-,0,0,B,1998,TOYOTA,A,"1 ",,W,,-,-,2017
8374021,2,1,N,F,62,A,-,W,L,G,Y,-,3,-,-,"- ",,,N,-,0,1,B,2007,HONDA,A,"7 ",,W,,-,-,2017
8374025,1,1,Y,F,48,A,-,W,L,G,Y,-,3,-,-,"- ",,,N,-,0,2,B,2016,TOYOTA,A,"1 ",,,,-,-,2017
8374025,2,1,N,F,46,A,-,N,L,G,Y,-,3,-,-,"- ",,,N,-,0,1,E,2003,HONDA,A,"1 ",,,,-,-,2017
8376483,1,1,Y,F,998,G,G,W,-,-,,-,-,-,-,"- ",,,N,-,0,0,J,,-,A,"1 ",,,,-,-,2017
8376483,2,1,N,M,40,A,-,W,P,W,Y,-,3,-,-,"- ",,,N,-,0,1,B,2007,YAMAHA,O,"5 ",,W,,-,-,2017
8376558,1,1,Y,F,59,A,-,S,M,G,Y,-,3,-,-,"- ",,,E,-,0,0,E,2015,FORD,A,"7 ",,W,,-,-,2017
8376558,2,4,N,M,15,A,-,E,-,-,O,-,3,-,-,"- ",,,N,-,0,1,E,,-,L,"4 ",,A,,-,-,2017
8387573,1,4,Y,M,15,A,-,N,-,-,O,-,3,-,-,"- ",,,N,-,0,1,B,,-,L,"4 ",,A,,-,-,2017
8387573,2,1,N,F,56,A,-,W,M,G,Y,-,3,-,-,"- ",,,N,-,0,0,B,2012,TOYOTA,A,"1 ",,A,,-,-,2017
8387577,1,1,Y,M,18,A,-,S,L,G,Y,-,3,-,-,"- ",,,N,-,0,1,P,2006,SUBARU,A,"7 ",,W,,-,-,2017
8387577,2,1,N,F,51,A,-,N,M,G,Y,-,3,-,-,"- ",,,N,-,0,0,E,2011,KIA,A,"7 ",,O,,-,-,2017
8389662,1,1,Y,M,40,A,-,W,M,G,Y,-,3,-,-,"- ",,,N,-,0,0,B,2010,MAZDA,A,"7 ",,W,,-,-,2017
8389662,2,1,N,M,51,A,-,W,M,G,Y,-,3,-,-,"- ",,,N,-,0,1,B,2015,HONDA,A,"1 ",,W,,-,-,2017
8400013,1,1,Y,M,42,-,I,W,N,G,Y,-,3,-,-,"- ",,,N,-,0,1,B,1992,GMC,D,22,,H,,-,-,2017
8400013,2,1,N,M,25,A,-,S,L,G,Y,-,3,-,-,"- ",,,N,-,0,1,E,2017,TOYOTA,A,"1 ",,W,,-,-,2017
8401395,1,1,Y,F,52,A,-,W,M,G,Y,-,3,-,-,"- ",,,N,-,0,0,E,2014,"LAND ROVER",A,"7 ",,W,,-,-,2017
8401395,2,2,N,F,56,A,-,S,-,-,O,-,3,-,-,"- ",,,N,-,0,1,B,,-,N,60,,W,,-,-,2017
8401462,1,1,Y,F,72,A,-,N,L,G,Y,-,3,-,-,"- ",,,N,-,0,0,B,1996,FORD,A,"1 ",,W,,-,-,2017
8401462,2,1,N,M,22,A,-,N,M,G,Y,-,3,-,-,"- ",,,N,-,0,2,A,2007,TOYOTA,A,"7 ",,O,,-,-,2017
8408486,1,1,Y,F,18,A,-,N,M,G,Y,-,3,-,-,"- ",,,N,-,0,0,D,2015,TESLA,A,"1 ",,A,,-,-,2017
8408486,2,4,N,M,35,A,-,N,-,-,O,-,3,-,-,"- ",,,N,-,0,1,B,,-,L,"4 ",,A,,-,-,2017
8408490,1,1,Y,F,72,A,-,E,M,G,Y,-,3,-,-,"- ",,,N,-,0,1,B,2007,TOYOTA,A,"1 ",,W,,-,-,2017
8408490,2,1,N,M,17,A,-,N,M,G,Y,-,3,-,-,"- ",,,N,-,0,1,B,2004,SUBARU,A,"1 ",,W,,-,-,2017
8408706,1,1,Y,F,20,A,-,E,M,G,Y,-,3,-,,25,22350,,A,F,0,0,B,2012,VOLKSWAGEN,A,"1 ",,W,-,-,-,2017
8408706,2,1,N,M,79,A,-,E,P,-,Y,-,3,-,-,"- ",,,N,-,0,1,B,,FORD,A,"1 ",,W,,-,-,2017
8411373,1,1,Y,M,66,A,-,E,M,J,Y,-,3,-,-,"- ",,,N,-,0,0,B,2008,NISSAN,A,"7 ",,H,,-,-,2017
8411373,2,1,N,F,75,A,-,E,M,J,Y,-,3,-,-,"- ",,,N,-,0,1,A,2007,MERCEDES-BENZ,A,"1 ",,W,,-,-,2017
8424885,1,1,Y,F,18,A,-,E,L,G,Y,-,3,-,-,"- ",,,N,-,0,1,H,2004,ACURA,A,"1 ",,W,,-,-,2017
8424885,2,1,N,M,40,A,-,E,M,G,Y,-,3,-,-,"- ",,,N,-,0,0,A,2007,TOYOTA,D,22,,H,,-,-,2017
8429454,1,1,Y,M,18,A,-,W,M,G,Y,-,3,-,-,"- ",,,-,-,0,0,B,2013,FORD,A,"7 ",,W,,-,-,2017
8429454,2,1,N,F,55,A,-,W,M,G,Y,-,3,-,-,"- ",,,-,-,0,1,A,2017,TOYOTA,A,"8 ",,H,,-,-,2017
8437286,1,4,Y,M,53,H,H,W,-,-,O,-,3,-,-,"- ",,,-,-,0,1,B,,-,L,"4 ",,W,,-,-,2017
8437286,2,1,N,M,74,H,H,W,M,B,Y,-,3,-,-,"- ",,,-,-,0,0,D,2003,FORD,A,"7 ",,A,,-,-,2017
8437310,1,1,Y,F,58,A,-,N,M,G,Y,-,-,-,-,"- ",,,N,-,0,0,B,2008,HONDA,A,"1 ",,W,,-,-,2017
8437310,2,1,N,M,69,A,-,N,M,G,Y,-,-,-,-,"- ",,,N,-,0,1,A,2002,ACURA,A,"1 ",,W,,-,-,2017
8437346,1,4,Y,F,11,A,-,E,-,-,O,-,-,-,-,"- ",,,N,-,0,1,B,,-,L,"4 ",,A,,-,-,2017
8437350,1,2,Y,F,35,A,-,-,-,-,O,-,3,-,-,"- ",,,N,-,0,1,B,,-,N,60,,O,,-,-,2017
8437350,2,1,N,F,67,A,-,E,M,G,Y,-,3,-,-,"- ",,,N,-,0,0,F,2014,MERCEDES-BENZ,A,"1 ",,O,,-,-,2017
8437411,1,1,Y,F,36,A,-,E,M,G,Y,-,3,-,-,"- ",,,F,-,0,2,D,2017,TOYOTA,A,"1 ",,O,-,-,-,2017
8437411,2,1,N,F,71,A,-,S,L,G,Y,-,3,-,-,"- ",,,F,-,0,0,B,2015,LEXUS,A,"1 ",,W,-,-,-,2017
8438954,1,1,Y,M,30,B,-,W,L,G,N,-,3,-,,25,22350,,A,-,0,0,B,2003,GMC,A,"8 ",,H,,-,-,2017
8438954,2,1,N,M,24,A,-,W,M,G,Y,-,3,-,-,"- ",,,N,-,0,1,A,2013,BMW,A,"1 ",,A,,-,-,2017
8438954,3,1,N,F,47,A,-,W,M,G,Y,-,3,-,-,"- ",,,N,-,0,0,A,2014,BMW,A,"7 ",,A,,-,-,2017
8439167,1,1,Y,M,32,A,-,S,M,G,Y,-,1,-,,00,23123,5,A,F,0,1,B,2017,KIA,A,"7 ",,W,-,-,-,2017
8439167,2,1,N,F,37,A,-,S,M,G,Y,-,3,-,-,"- ",,,N,-,0,0,A,2011,BMW,A,"1 ",,A,,-,-,2017
8439167,3,1,N,M,40,A,-,S,M,G,Y,-,3,-,-,"- ",,,N,-,0,0,A,2015,INFINITI,A,"1 ",,W,,-,-,2017
8439171,1,1,Y,M,67,A,-,N,M,G,Y,-,3,-,-,"- ",,,N,-,0,0,G,2012,TOYOTA,A,"8 ",,W,,-,-,2017
8439171,2,4,N,F,27,A,-,E,-,-,O,-,3,-,-,"- ",,,N,-,0,1,B,,-,L,"4 ",,W,,-,-,2017
8439175,1,1,Y,M,88,A,-,N,M,C,Y,-,3,-,-,"- ",,,N,-,0,0,B,1992,FORD,A,"7 ",,W,,-,-,2017
8439175,2,4,N,M,62,A,-,E,-,-,O,-,3,-,-,"- ",,,N,-,0,1,B,,-,L,"4 ",,W,,-,-,2017
8440527,1,1,N,F,75,A,-,S,M,G,Y,-,3,-,-,"- ",,,F,-,0,1,E,2007,TOYOTA,A,"1 ",,W,-,-,-,2017
8441142,1,1,Y,M,38,A,-,W,M,G,Y,-,3,-,-,"- ",,,F,-,0,0,L,2011,TOYOTA,A,"1 ",,O,-,-,-,2017
8441142,2,2,N,M,29,A,-,S,-,-,O,-,3,-,-,"- ",,,N,-,0,1,B,,-,N,60,,W,,-,-,2017
8445506,1,1,Y,F,20,A,-,S,L,G,Y,-,-,-,-,"- ",,,N,-,0,0,B,2005,TOYOTA,A,"8 ",,W,,-,-,2017
8445506,2,1,N,F,77,A,-,E,L,G,Y,-,-,-,-,"- ",,,F,-,0,1,E,2015,TOYOTA,A,"1 ",,A,-,-,-,2017
8458769,1,1,Y,M,88,C,-,W,L,G,Y,-,3,-,-,"- ",,,N,-,0,0,E,2014,TOYOTA,A,"1 ",,W,,-,-,2017
8458769,2,1,N,M,23,C,-,N,L,G,Y,-,3,-,-,"- ",,,N,-,0,1,B,2013,FORD,A,"1 ",,O,,-,-,2017
8458773,1,1,Y,F,63,A,-,W,M,G,Y,-,3,-,-,"- ",,,N,-,0,2,P,2017,PORSCHE,A,"1 ",,W,,-,-,2017
8458773,2,1,N,M,30,A,-,W,M,G,Y,-,3,-,-,"- ",,,N,-,0,0,A,2012,HONDA,A,"1 ",,A,,-,-,2017
8465988,1,1,Y,F,57,A,-,S,M,G,Y,-,-,-,,27,21460,A,A,N,0,0,E,2008,BMW,A,07,,W,,-,-,2019
8465988,2,4,N,M,67,G,G,N,-,-,O,-,-,-,-,"- ",,,N,-,1,0,B,,-,L,04,,W,,-,-,2019
8466046,1,1,Y,F,45,G,G,N,M,B,Y,-,3,-,-,"- ",,,G,-,0,0,B,2013,AUDI,A,01,,A,,-,-,2019
8466046,2,1,N,F,29,A,-,N,M,G,Y,-,3,-,-,"- ",,,G,-,0,1,A,2013,NISSAN,A,01,,B,,-,-,2019
8473302,1,4,Y,M,14,A,-,S,-,-,O,-,-,-,-,"- ",,,-,-,0,1,E,,-,L,"4 ",,W,,-,-,2017
8473302,2,1,N,F,23,A,-,S,M,G,Y,-,-,-,-,"- ",,,N,-,0,0,B,2016,CHEVROLET,A,"1 ",,W,,-,-,2017
8473306,1,1,Y,M,61,A,-,S,M,G,Y,-,3,-,-,"- ",,,N,-,0,0,E,2012,TOYOTA,A,"1 ",,W,,-,-,2017
8473306,2,1,N,F,50,A,-,W,L,G,Y,-,3,-,-,"- ",,,N,-,0,1,B,2006,TOYOTA,A,"1 ",,B,,-,-,2017
8481564,1,4,Y,M,13,H,H,S,-,-,O,-,-,-,-,"- ",,,F,-,0,1,B,,-,L,"4 ",,W,-,-,-,2017
8481564,2,4,N,M,13,H,H,S,-,-,O,-,-,-,-,"- ",,,N,-,0,0,B,,-,L,"4 ",,A,,-,-,2017
8481588,1,1,Y,M,40,A,-,E,L,G,Y,-,3,-,-,"- ",,,-,-,0,1,B,2011,BMW,A,"1 ",,A,,-,-,2017
8481588,2,1,N,M,50,A,-,S,M,G,Y,-,3,-,-,"- ",,,-,-,0,0,B,2005,LINCOLN,A,"7 ",,W,,-,-,2017
8481963,1,1,Y,F,90,A,-,S,M,G,Y,-,-,-,-,"- ",,,N,-,0,0,B,2008,BUICK,A,"1 ",,W,,-,-,2017
8481963,2,4,N,F,42,A,-,W,-,-,O,-,-,-,-,"- ",,,N,-,0,1,E,,-,L,"4 ",,A,,-,-,2017
8481967,1,4,Y,M,12,A,-,N,-,-,O,-,3,-,-,"- ",,,N,-,0,1,D,,-,L,"4 ",,A,,-,-,2017
8481967,2,1,N,M,28,A,-,W,M,G,Y,-,3,-,-,"- ",,,N,-,0,0,B,2015,AUDI,A,"1 ",,O,,-,-,2017
8490184,1,1,Y,F,37,A,-,N,M,G,Y,-,3,-,-,"- ",,,N,-,0,1,B,2014,HYUNDAI,A,"1 ",,H,,-,-,2017
8490184,2,1,N,F,16,A,-,E,M,G,Y,-,3,-,-,"- ",,,N,-,0,0,B,2015,VOLKSWAGEN,A,"1 ",,W,,-,-,2017
8512024,1,1,Y,M,52,A,-,E,M,G,Y,-,3,-,-,"- ",,,N,-,0,0,B,2013,TESLA,A,"1 ",,A,,-,-,2017
8512024,2,1,N,F,33,A,-,E,M,G,Y,-,3,-,-,"- ",,,N,-,0,2,B,2017,HYUNDAI,A,"1 ",,W,,-,-,2017
8514249,1,1,Y,F,20,A,-,W,M,G,Y,-,3,-,-,"- ",,,N,-,0,0,E,2011,HONDA,A,"1 ",,H,,-,-,2017
8514249,2,4,N,M,11,A,-,S,-,-,O,-,3,-,-,"- ",,,N,-,0,1,B,,-,L,"4 ",,W,,-,-,2017
8517894,1,1,Y,F,38,A,-,E,L,G,Y,-,3,-,-,"- ",,,N,-,0,1,B,2008,SUZUKI,A,"1 ",,W,,-,-,2017
8517894,2,1,N,F,27,A,-,E,M,G,Y,-,3,-,-,"- ",,,N,-,0,2,A,2011,VOLKSWAGEN,A,"1 ",,W,,-,-,2017
8517894,3,1,N,F,49,A,-,E,M,G,Y,-,3,-,-,"- ",,,N,-,0,0,A,2017,TESLA,A,"1 ",,O,,-,-,2017
8518420,1,1,Y,F,56,A,-,N,M,G,Y,-,3,-,-,"- ",,,N,-,0,0,E,2015,TOYOTA,A,"1 ",,W,,-,-,2017
8518420,2,1,N,M,57,A,-,E,P,W,Y,-,3,-,,25,22350,,A,-,0,1,B,2007,SUZUKI,C,"2 ",,W,,-,-,2017
8518424,1,1,Y,F,18,A,-,N,M,G,N,-,3,-,-,"- ",,,N,-,0,0,E,1999,MAZDA,A,"1 ",,H,,-,-,2017
8518424,2,1,N,M,68,A,-,S,M,G,Y,-,3,-,-,"- ",,,N,-,0,1,B,2017,INFINITI,A,"1 ",,W,,-,-,2017
8518459,1,4,Y,M,15,A,-,N,-,-,O,-,3,-,-,"- ",,,-,-,0,1,Q,,-,L,"4 ",,A,,-,-,2017
8518459,2,1,N,M,37,A,-,E,M,G,Y,-,3,-,-,"- ",,,-,-,0,0,D,2002,MERCURY,A,"1 ",,W,,-,-,2017
8524326,1,1,Y,F,45,A,-,W,M,E,Y,-,3,-,-,"- ",,,N,-,0,0,A,2004,LEXUS,A,"7 ",,A,,-,-,2017
8524326,2,2,N,F,35,A,-,E,-,-,O,-,3,-,-,"- ",,,N,-,0,1,-,,-,N,60,,O,,-,-,2017
8524326,3,2,N,F,5,A,-,E,-,-,O,-,3,-,-,"- ",,,N,-,0,0,-,,-,N,60,,O,,-,-,2017
8524330,1,1,Y,F,81,A,-,W,M,H,Y,-,3,-,-,"- ",,,N,-,0,1,N,2012,TOYOTA,A,"1 ",,W,,-,-,2017
8524330,2,3,N,-,998,-,-,N,-,-,O,-,-,-,-,"- ",,,-,-,0,0,O,2016,JEEP,A,"1 ",,,,-,-,2017
8526146,1,1,N,M,38,A,-,W,M,G,Y,-,3,-,-,"- ",,,N,-,0,0,B,2002,MERCURY,A,"7 ",,H,,-,-,2017
8526146,2,1,N,M,35,A,-,W,M,G,Y,-,3,-,-,"- ",,,N,-,0,2,A,2013,TOYOTA,A,"1 ",,H,,-,-,2017
8537146,1,4,Y,M,16,A,-,W,-,-,O,-,3,-,-,"- ",,,N,-,0,1,B,,-,L,04,,A,,-,-,2018
8537146,2,3,N,-,230,H,H,E,-,-,O,-,-,-,,38,21211,B,A,-,0,0,O,2016,BMW,A,01,,,,-,-,2018
8537150,1,1,N,-,230,G,G,E,-,-,,-,-,-,-,"- ",,,-,-,0,0,D,,TOYOTA,A,01,,,,-,-,2018
8537150,2,2,N,M,21,-,-,-,-,-,O,-,-,-,-,"- ",,,-,-,0,1,-,,-,N,60,,H,,-,-,2018
8546242,1,1,N,F,35,A,-,W,M,G,Y,-,3,-,-,"- ",,,N,-,0,1,L,2012,TOYOTA,A,08,,O,,-,-,2018
8546242,2,1,Y,M,19,A,-,W,M,G,Y,-,3,-,-,"- ",,,H,-,0,0,L,2005,HONDA,A,07,,H,,-,-,2018
8546429,1,1,Y,M,66,A,-,E,L,G,Y,-,3,-,-,"- ",,,M,-,0,2,B,2008,MERCEDES-BENZ,A,01,,O,,-,-,2018
8546429,2,1,N,M,26,A,-,E,M,G,Y,-,3,-,-,"- ",,,N,-,0,1,A,2016,JEEP,A,01,,A,,-,-,2018
8546429,3,1,N,M,37,A,-,E,M,G,Y,-,3,-,-,"- ",,,N,-,0,0,A,2004,TOYOTA,A,01,,A,,-,-,2018
8546429,4,1,N,F,57,A,-,E,M,G,Y,-,3,-,-,"- ",,,N,-,0,0,H,2016,TOYOTA,A,07,,W,,-,-,2018
8554054,1,1,Y,F,44,A,-,S,M,G,Y,-,3,-,-,"- ",,,N,-,0,0,J,2016,FIAT,A,01,,O,,-,-,2018
8554054,2,1,N,M,40,A,-,W,M,G,Y,-,3,-,-,"- ",,,N,-,0,1,B,2013,BMW,A,01,,B,,-,-,2018
8556738,1,1,Y,M,25,A,-,W,L,G,Y,-,3,-,-,"- ",,,F,-,0,1,B,2015,MAZDA,A,01,,O,-,-,-,2018
8556738,2,1,N,M,46,A,-,W,M,G,Y,-,3,-,-,"- ",,,J,-,0,0,H,2003,LEXUS,A,01,,O,,-,-,2018
8570873,1,1,Y,F,47,A,-,E,M,G,Y,-,-,-,-,"- ",,,-,-,0,1,D,2003,CHEVROLET,A,07,,W,,-,-,2018
8570873,2,1,N,F,66,A,-,E,M,G,Y,-,-,-,-,"- ",,,N,-,0,1,B,2012,LEXUS,A,01,,W,,-,-,2018
8570873,3,3,N,-,230,H,H,N,-,-,O,-,-,-,-,"- ",,,N,-,0,0,O,1995,CHEVROLET,A,01,,,,-,-,2018
8570873,4,3,N,-,230,H,H,N,-,-,O,-,-,-,-,"- ",,,N,-,0,0,O,2000,MERCURY,-,,,,,-,-,2018
8571378,1,1,Y,F,49,A,-,W,M,G,Y,-,3,-,-,"- ",,,N,-,0,0,B,2013,TOYOTA,A,01,,O,,-,-,2018
8571378,2,1,N,F,50,A,-,W,M,G,Y,-,3,-,-,"- ",,,N,-,0,1,B,2008,TOYOTA,A,01,,O,,-,-,2018
8574205,1,4,Y,M,15,A,-,S,-,-,O,-,3,-,-,"- ",,,N,-,0,1,E,,-,L,04,,O,,-,-,2018
8574205,2,1,N,F,32,A,-,N,M,G,Y,-,3,-,-,"- ",,,N,-,0,0,B,2018,TOYOTA,A,01,,W,,-,-,2018
8574209,1,1,Y,M,30,A,-,W,M,G,Y,-,3,-,-,"- ",,,F,N,0,0,E,2007,LEXUS,A,01,,O,K,-,-,2018
8574209,2,2,N,F,79,A,-,S,-,-,O,-,3,-,-,"- ",,,N,-,0,1,B,,-,N,60,,A,,-,-,2018
8574760,1,1,Y,M,39,C,-,W,M,G,Y,-,3,-,-,"- ",,,N,-,0,0,H,1998,NISSAN,A,01,,H,,-,-,2018
8574760,2,2,N,M,15,C,-,S,-,-,O,-,3,-,-,"- ",,,-,-,0,1,B,,-,N,60,,O,,-,-,2018
8577380,1,1,Y,F,22,A,-,N,M,G,Y,-,3,-,-,"- ",,,E,-,0,0,B,2011,TOYOTA,A,01,,W,,-,-,2018
8577380,2,2,N,M,24,A,-,W,-,-,O,-,3,-,-,"- ",,,N,-,0,1,R,,-,N,60,,H,,-,-,2018
8584262,1,1,Y,F,54,A,-,E,M,G,Y,-,3,-,-,"- ",,,E,-,0,0,E,2017,TESLA,A,01,,W,,-,-,2018
8584262,2,4,N,M,53,A,-,W,-,-,O,-,3,-,-,"- ",,,-,-,0,1,B,,-,L,04,,O,,-,-,2018
8586701,1,1,Y,M,37,A,-,E,L,G,Y,-,3,-,-,"- ",,,N,-,0,0,E,2011,CHEVROLET,D,22,,W,,-,-,2018
8586701,2,1,N,M,56,A,-,N,M,G,Y,-,3,-,-,"- ",,,N,-,0,1,B,2013,TOYOTA,A,01,,W,,-,-,2018
8595111,1,1,Y,F,38,A,-,E,M,G,Y,-,3,-,-,"- ",,,M,-,0,0,L,2008,HONDA,A,01,,H,,-,-,2018
8595111,2,1,N,M,70,A,-,E,M,G,Y,-,3,-,-,"- ",,,N,-,0,1,B,2012,TOYOTA,A,01,,W,,-,-,2018
8595111,3,3,N,-,230,A,-,W,-,-,O,-,3,-,-,"- ",,,N,-,0,0,O,2013,BMW,-,,,,,-,-,2018
8609743,1,1,Y,F,65,A,-,W,L,G,Y,-,3,-,-,"- ",,,N,-,0,0,B,2003,HONDA,A,01,,A,,-,-,2018
8609743,2,1,N,M,58,A,-,W,M,G,Y,-,3,-,-,"- ",,,N,-,0,1,A,2017,AUDI,A,07,,O,,-,-,2018
8609886,1,1,Y,F,49,A,-,N,L,G,Y,-,3,-,-,"- ",,,N,-,0,1,E,2006,TOYOTA,A,01,,A,,-,-,2018
8609886,2,1,N,M,58,A,-,W,M,G,Y,-,3,-,-,"- ",,,N,-,0,0,B,2008,MERCEDES-BENZ,A,01,,O,,-,-,2018
8615706,1,1,Y,F,27,H,H,W,L,G,Y,-,3,-,-,"- ",,,N,-,0,1,B,2018,GMC,A,01,,A,,-,-,2018
8615706,2,1,N,F,37,H,H,W,M,G,Y,-,3,-,-,"- ",,,N,-,0,1,B,2014,HONDA,A,01,,W,,-,-,2018
8619448,1,4,Y,M,34,A,-,W,-,-,O,-,3,-,-,"- ",,,N,-,0,1,B,,-,L,04,,W,,-,-,2018
8619448,2,1,N,F,43,A,-,W,M,G,Y,-,3,-,-,"- ",,,N,-,0,0,A,2017,BMW,A,01,,O,,-,-,2018
8623904,1,1,N,F,46,A,-,W,L,G,Y,-,3,-,-,"- ",,,N,-,0,1,B,2014,MAZDA,A,07,,W,,-,-,2018
8623904,2,1,N,M,22,A,-,E,L,G,,-,3,-,-,"- ",,,N,-,0,0,E,2010,TOYOTA,A,01,,A,,-,-,2018
8623904,3,1,N,M,45,A,-,S,M,G,Y,-,3,-,-,"- ",,,N,-,0,0,D,2013,SUBARU,A,01,,W,,-,-,2018
8627565,1,4,Y,F,15,A,-,W,-,-,O,-,3,-,-,"- ",,,N,-,0,1,P,,-,L,04,,W,,-,-,2018
8627565,2,1,N,F,54,A,-,W,M,G,Y,-,3,-,-,"- ",,,N,-,0,0,B,2015,TOYOTA,A,01,,O,,-,-,2018
8627569,1,4,Y,F,29,A,-,S,-,-,O,-,3,-,-,"- ",,,N,-,0,1,H,,-,L,04,,O,,-,-,2018
8627573,1,1,Y,F,80,A,-,N,M,G,Y,-,3,-,-,"- ",,,N,-,0,1,L,2001,MERCEDES-BENZ,A,01,,W,,-,-,2018
8627573,2,1,N,F,73,A,-,E,M,G,Y,-,3,-,-,"- ",,,N,-,0,1,B,2019,MAZDA,A,01,,W,,-,-,2018
8643268,1,1,Y,F,42,A,-,N,L,G,Y,-,3,-,-,"- ",,,F,-,0,1,B,2014,ACURA,A,01,,W,-,-,-,2018
8643268,2,1,N,M,50,A,-,E,M,G,Y,-,3,-,-,"- ",,,N,-,0,0,B,2011,FREIGHTLINER,M,97,,W,,-,-,2018
8643802,1,1,Y,F,73,H,H,E,M,G,Y,-,3,-,-,"- ",,,E,-,0,0,E,2017,BUICK,A,01,,W,,-,-,2018
8643802,2,1,N,M,79,H,H,W,L,G,Y,-,3,-,-,"- ",,,N,-,0,1,B,1998,JAGUAR,A,01,,W,,-,-,2018
8647739,1,1,Y,M,45,H,H,E,M,G,Y,-,3,-,-,"- ",,,N,-,0,0,J,2005,FORD,D,22,,W,,-,-,2018
8647739,2,1,N,M,39,H,H,E,M,G,Y,-,3,-,-,"- ",,,N,-,0,0,B,2017,NISSAN,A,01,,W,,-,-,2018
8647739,3,3,N,-,230,H,H,-,-,-,O,-,-,-,-,"- ",,,N,-,0,1,O,1988,CADILLAC,A,01,,,,-,-,2018
8647739,4,3,N,-,230,H,H,-,-,-,O,-,3,-,-,"- ",,,N,-,0,0,O,2003,MERCEDES-BENZ,A,01,,,,-,-,2018
8647820,1,1,Y,F,28,A,-,W,L,G,Y,-,3,-,-,"- ",,,F,-,0,0,B,2008,HONDA,A,01,,A,-,-,-,2018
8647820,2,1,N,M,27,A,-,W,M,G,Y,-,3,-,-,"- ",,,N,-,0,1,A,2011,TOYOTA,A,01,,W,,-,-,2018
8647820,3,1,N,F,59,A,-,W,M,G,Y,-,3,-,-,"- ",,,N,-,0,0,A,2014,HONDA,A,01,,O,,-,-,2018
8647820,4,1,N,F,31,A,-,W,M,G,Y,-,3,-,-,"- ",,,N,-,0,0,A,2009,TOYOTA,A,01,,W,,-,-,2018
8648166,1,1,Y,F,50,G,G,W,M,G,Y,-,-,-,-,"- ",,,N,-,1,0,B,2001,NISSAN,A,"1 ",,H,,-,-,2017
8648166,2,1,N,F,52,A,-,N,L,G,Y,-,-,-,-,"- ",,,N,-,0,1,B,2008,TOYOTA,A,"8 ",,W,,-,-,2017
8649642,1,1,Y,M,19,A,-,W,M,G,Y,-,3,-,-,"- ",,,N,-,0,0,E,2015,TOYOTA,A,01,,O,,-,-,2018
8649642,2,2,N,M,56,A,-,N,-,-,O,-,3,-,-,"- ",,,N,-,0,1,B,,-,N,60,,W,,-,-,2018
8660198,1,1,Y,M,230,G,G,N,-,-,,-,3,-,,25,22350,,A,-,0,0,B,,"OTHER - TRUCK",-,,,,,-,-,2018
8660198,2,1,N,M,72,A,-,N,M,G,Y,-,3,-,-,"- ",,,N,-,0,1,H,2016,TOYOTA,A,01,,O,,-,-,2018
8660202,1,1,Y,M,34,A,-,E,L,G,Y,-,3,-,-,"- ",,,F,-,0,1,B,2014,NISSAN,A,01,,O,K,-,-,2018
8660202,2,1,N,M,65,A,-,E,M,G,Y,-,3,-,-,"- ",,,N,-,0,0,H,2003,HONDA,A,01,,W,,-,-,2018
8660869,1,1,Y,M,57,A,-,E,L,G,Y,-,3,-,-,"- ",,,F,-,0,1,B,2017,NISSAN,A,01,,W,-,-,-,2018
8660869,2,1,N,F,49,A,-,N,M,G,Y,-,3,-,-,"- ",,,N,-,0,0,E,2015,TOYOTA,A,01,,W,,-,-,2018
8666431,1,1,Y,M,39,A,-,W,M,G,Y,-,3,-,-,"- ",,,N,-,0,0,P,2018,HYUNDAI,A,07,,W,,-,-,2018
8666431,2,1,N,F,23,A,-,W,M,G,Y,-,3,-,-,"- ",,,N,-,0,1,A,2005,AUDI,A,01,,W,,-,-,2018
8666980,1,1,Y,F,22,A,-,W,M,G,Y,-,3,-,-,"- ",,,N,-,0,0,P,2004,TOYOTA,A,08,,A,,-,-,2018
8666980,2,1,N,F,54,A,-,-,M,G,,-,3,-,-,"- ",,,N,-,0,1,A,2000,TOYOTA,A,07,,A,,-,-,2018
8668661,1,1,N,-,230,G,G,W,-,-,,-,-,-,-,"- ",,,H,-,0,0,L,,-,-,,,,,-,-,2018
8668661,2,4,N,M,15,A,-,W,-,-,O,-,3,-,-,"- ",,,N,-,0,1,B,,-,L,04,,W,,-,-,2018
8669497,1,1,Y,M,42,A,-,S,M,G,Y,-,3,-,-,"- ",,,N,-,0,1,E,2004,SUBARU,A,01,,W,,-,-,2018
8669497,2,1,N,F,52,A,-,E,L,G,Y,-,3,-,-,"- ",,,N,-,0,0,B,2011,HONDA,A,07,,O,,-,-,2018
8670189,1,1,Y,M,41,A,-,E,M,G,Y,-,3,-,-,"- ",,,-,-,0,0,B,2004,CHEVROLET,D,22,,H,,-,-,2018
8670189,2,1,N,M,41,A,-,E,M,G,Y,-,3,-,-,"- ",,,N,-,0,1,B,2006,NISSAN,D,22,,H,,-,-,2018
8670189,3,1,N,F,42,A,-,E,M,G,Y,-,3,-,-,"- ",,,N,-,0,0,B,2018,SUBARU,A,07,,H,,-,-,2018
8670809,1,1,Y,M,32,A,-,N,M,G,Y,-,3,-,-,"- ",,,F,-,0,1,B,2017,HONDA,A,07,,O,-,-,-,2018
8670809,2,1,N,F,46,A,-,N,M,G,Y,-,3,-,-,"- ",,,N,-,0,0,A,2010,CHEVROLET,A,01,,H,,-,-,2018
8670864,1,1,Y,F,39,A,-,S,L,G,Y,-,3,-,-,"- ",,,N,-,0,0,B,1999,TOYOTA,A,01,,O,,-,-,2018
8670864,2,1,N,M,42,A,-,E,L,G,Y,-,3,-,-,"- ",,,N,-,0,1,B,2016,ACURA,A,01,,W,,-,-,2018
8679291,1,1,Y,F,14,A,-,N,L,H,N,-,3,-,,00,28001,,A,-,0,1,E,2012,VOLKSWAGEN,A,01,,H,,-,-,2018
8693002,1,1,Y,M,22,A,-,W,L,G,Y,-,3,-,-,"- ",,,N,-,0,0,B,2008,LEXUS,A,07,,W,,-,-,2018
8693002,2,1,N,F,53,A,-,W,M,G,Y,-,3,-,-,"- ",,,N,-,0,2,D,2006,MERCEDES-BENZ,A,07,,W,,-,-,2018
8693002,3,1,N,F,46,A,-,S,M,G,Y,-,3,-,-,"- ",,,N,-,0,0,A,2018,TOYOTA,A,08,,W,,-,-,2018
8693006,1,4,N,M,31,A,-,E,-,-,O,-,3,-,-,"- ",,,-,-,0,1,B,,-,L,04,,W,,-,-,2018
8693006,2,4,N,M,28,A,-,E,-,-,O,-,3,-,,30,21703,,A,-,0,1,B,,-,L,04,,A,,-,-,2018
8693010,1,1,Y,F,45,A,-,W,M,G,Y,-,3,-,-,"- ",,,H,-,0,0,B,2011,BMW,A,07,,A,,-,-,2018
8693010,2,1,N,F,53,A,-,W,M,G,Y,-,3,-,-,"- ",,,H,-,0,1,A,2003,DODGE,A,08,,H,,-,-,2018
8693014,1,1,Y,F,62,B,-,W,M,G,Y,-,3,-,-,"- ",,,N,-,0,1,F,2018,MERCEDES-BENZ,A,07,,A,,-,-,2018
8693014,2,1,N,M,39,B,-,W,L,G,Y,-,3,-,-,"- ",,,N,-,0,0,N,2016,HONDA,A,07,,A,,-,-,2018
8696275,1,1,Y,F,77,A,-,S,L,G,Y,-,3,-,-,"- ",,,N,-,0,1,E,2008,ACURA,A,01,,W,,-,-,2018
8696275,2,1,N,M,39,A,-,W,M,G,Y,-,3,-,-,"- ",,,N,-,0,0,B,2001,"INTERNATIONAL HARVESTER",F,26,,H,,-,-,2018
8696318,1,1,Y,F,60,A,-,E,L,G,Y,-,3,-,-,"- ",,,N,-,0,1,B,2015,FORD,A,01,,W,,-,-,2018
8696318,2,1,N,M,29,A,-,E,M,G,Y,-,3,-,-,"- ",,,N,-,0,0,A,2011,SUBARU,A,01,,W,,-,-,2018
8696318,3,1,N,M,86,A,-,E,M,G,Y,-,3,-,-,"- ",,,N,-,0,0,A,2005,LEXUS,A,01,,W,,-,-,2018
8698792,1,1,Y,F,43,A,-,N,M,G,Y,-,3,-,-,"- ",,,N,-,0,0,B,2008,LEXUS,A,01,,O,,-,-,2018
8698792,2,1,N,M,45,A,-,N,M,G,Y,-,3,-,-,"- ",,,N,-,0,1,A,2001,BMW,A,01,,O,,-,-,2018
8703319,1,1,Y,M,24,A,-,W,M,G,Y,-,3,-,-,"- ",,,N,-,0,0,B,2012,HONDA,A,01,,O,,-,-,2018
8703319,2,1,N,F,65,A,-,W,M,G,Y,-,3,-,-,"- ",,,N,-,0,1,A,1999,HONDA,A,01,,W,,-,-,2018
8703327,1,4,Y,M,25,A,-,W,-,-,O,-,-,-,-,"- ",,,F,-,0,1,F,,-,L,04,,O,-,-,-,2018
8703327,2,1,N,F,76,A,-,W,M,G,Y,-,3,-,-,"- ",,,-,-,0,0,B,2016,ACURA,-,,,W,,-,-,2018
8704653,1,1,N,M,21,A,-,W,L,G,Y,-,3,-,-,"- ",,,N,-,0,3,B,1996,TOYOTA,A,01,,H,,-,-,2018
8704657,1,1,Y,F,55,A,-,N,M,G,Y,-,3,-,-,"- ",,,N,-,0,0,B,2011,DODGE,A,01,,W,,-,-,2018
8704657,2,1,N,F,59,A,-,E,M,G,Y,-,3,-,-,"- ",,,N,-,0,1,B,2014,HONDA,A,01,,H,,-,-,2018
8709371,1,1,Y,M,15,A,-,S,P,W,Y,-,3,-,-,"- ",,,-,-,0,0,B,2002,VESPA,C,03,,W,,-,-,2018
8709371,2,1,N,F,43,A,-,E,M,G,Y,-,3,-,-,"- ",,,E,-,0,1,E,2013,TESLA,A,01,,O,,-,-,2018
8710540,1,4,Y,M,12,A,-,E,P,X,O,-,3,-,-,"- ",,,N,-,0,1,J,,TESLA,L,04,,O,,-,-,2018
8713837,1,1,Y,M,82,A,-,W,M,G,Y,-,3,-,-,"- ",,,N,-,0,0,E,2013,TESLA,A,01,,W,,-,-,2018
8713837,2,2,N,M,43,A,-,S,-,-,O,-,3,-,-,"- ",,,N,-,0,1,B,,-,N,60,,W,,-,-,2018
8718495,1,1,Y,M,26,A,-,W,M,G,Y,-,3,-,-,"- ",,,N,-,0,1,D,2017,TOYOTA,A,01,,H,,-,-,2018
8718495,2,1,N,M,50,A,-,W,M,G,Y,-,3,-,-,"- ",,,N,-,0,0,H,2002,"OTHER - BUS",I,20,,A,,-,-,2018
8718499,1,1,N,M,64,G,G,E,P,B,Y,-,3,-,-,"- ",,,N,-,0,1,B,2006,"INTERNATIONAL HARVESTER",F,26,,O,,-,-,2018
8718499,2,1,N,M,49,A,-,E,M,G,Y,-,3,-,-,"- ",,,N,-,0,0,A,2003,NISSAN,A,07,,W,,-,-,2018
8723703,1,1,Y,M,23,A,-,E,L,G,Y,-,3,-,-,"- ",,,N,-,0,1,B,2003,FORD,A,08,,H,,-,-,2018
8723707,1,1,Y,-,230,G,G,E,-,-,,-,3,-,-,"- ",,,N,-,0,0,B,,-,-,99,,,,-,-,2018
8723707,2,2,N,F,62,H,H,N,-,-,O,-,3,-,-,"- ",,,N,-,0,1,B,,-,N,60,,W,,-,-,2018
8735710,1,1,Y,M,43,A,-,E,L,G,Y,-,3,-,-,"- ",,,N,-,0,0,E,2013,HONDA,A,07,,H,,-,-,2018
8735710,2,1,N,F,64,A,-,W,L,G,Y,-,3,-,-,"- ",,,N,-,0,1,B,1995,TOYOTA,A,01,,W,,-,-,2018
8736463,1,1,Y,F,33,C,-,N,L,G,Y,-,3,-,-,"- ",,,N,-,0,1,B,2014,TOYOTA,A,01,,H,,-,-,2018
8736463,2,1,N,F,86,C,-,E,L,G,Y,-,3,-,-,"- ",,,N,-,0,0,E,2010,MINI,A,01,,W,,-,-,2018
8737784,1,1,Y,F,230,G,G,W,-,-,,-,-,-,-,"- ",,,N,-,0,0,E,,-,A,08,,W,,-,-,2018
8737784,2,4,N,M,55,A,-,S,-,-,O,-,3,-,-,"- ",,,N,-,0,1,B,,-,L,04,,W,,-,-,2018
8737788,1,1,Y,M,19,A,-,E,M,G,Y,-,3,-,-,"- ",,,F,-,0,0,B,2009,GMC,A,07,,W,-,-,-,2018
8737788,2,1,N,F,58,A,-,E,M,G,Y,-,3,-,-,"- ",,,G,-,0,1,A,2013,TOYOTA,A,07,,W,,-,-,2018
8737788,3,1,N,F,71,A,-,E,M,G,Y,-,3,-,-,"- ",,,G,-,0,0,A,2009,TOYOTA,A,01,,W,,-,-,2018
8744215,1,1,Y,M,90,A,-,W,M,G,Y,-,3,-,-,"- ",,,N,-,0,0,B,2013,LEXUS,A,01,,W,,-,-,2018
8744215,2,1,N,M,35,A,-,S,M,G,Y,-,3,-,-,"- ",,,N,-,0,1,D,2002,MERCEDES-BENZ,A,01,,O,,-,-,2018
8756487,1,2,Y,F,78,G,G,E,-,-,O,-,-,-,-,"- ",,,N,-,0,1,R,,-,N,60,,A,,-,-,2018
8756487,2,4,N,M,14,A,-,S,-,-,O,-,3,-,-,"- ",,,N,-,0,0,B,,-,L,04,,O,,-,-,2018
8772322,1,1,Y,M,71,A,-,N,M,G,Y,-,3,-,-,"- ",,,N,-,0,0,E,1999,MERCEDES-BENZ,A,01,,W,,-,-,2018
8772322,2,2,N,M,65,A,-,S,-,-,O,-,3,-,-,"- ",,,N,-,0,1,B,,-,N,60,,W,,-,-,2018
8772389,1,1,Y,M,49,A,-,W,M,G,Y,-,3,-,-,"- ",,,H,-,0,0,P,2015,MERCEDES-BENZ,A,07,,A,,-,-,2018
8772389,2,4,N,M,51,A,-,W,-,-,O,-,3,-,-,"- ",,,N,-,0,1,B,,-,L,04,,O,,-,-,2018
8777579,1,1,Y,M,46,A,-,W,L,G,Y,-,3,-,-,"- ",,,F,-,0,1,B,2006,CHRYSLER,A,01,,O,-,-,-,2018
8777649,1,1,N,M,45,A,-,E,M,G,Y,-,3,-,-,"- ",,,F,-,0,1,E,1991,GRUMMAN,-,,,A,-,-,-,2018
8777649,2,1,N,F,69,A,-,S,M,G,Y,-,3,-,-,"- ",,,N,-,0,1,B,2013,TOYOTA,A,01,,W,,-,-,2018
8779558,1,4,Y,M,12,A,-,S,-,-,O,-,3,-,-,"- ",,,M,-,0,1,B,,-,L,04,,A,,-,-,2018
8779558,2,1,N,F,49,A,-,S,M,G,Y,-,3,-,-,"- ",,,N,-,0,0,B,2001,HONDA,A,01,,W,,-,-,2018
8784629,1,1,Y,F,38,A,-,S,M,G,Y,-,3,-,-,"- ",,,N,-,0,1,B,2018,NISSAN,A,07,,O,,-,-,2019
8784629,2,1,N,F,82,A,-,W,M,G,Y,-,3,-,-,"- ",,,N,-,0,1,B,2013,LEXUS,A,01,,W,,-,-,2019
8787212,1,2,Y,M,46,G,G,S,-,-,O,-,-,-,-,"- ",,,N,-,0,1,R,,-,N,60,,H,,-,-,2018
8787212,2,1,N,M,30,A,-,E,M,G,Y,-,3,-,-,"- ",,,N,-,0,0,B,2000,CHEVROLET,A,01,,W,,-,-,2018
8788106,1,1,Y,M,230,A,-,S,B,-,,-,3,-,-,"- ",,,-,-,0,0,E,,LEXUS,A,01,,H,,-,-,2019
8788106,2,1,N,F,29,G,G,S,M,G,Y,-,-,-,-,"- ",,,-,-,0,1,E,2004,LEXUS,A,01,,W,,-,-,2019
8790940,1,1,Y,M,29,A,-,W,P,W,Y,-,3,-,-,"- ",,,N,-,0,1,I,1975,KAWASAKI,C,02,,W,,-,-,2019
8790940,2,1,N,F,48,A,-,W,M,G,Y,-,3,-,-,"- ",,,N,-,0,0,B,2017,BMW,A,01,,A,,-,-,2019
8790944,1,1,Y,F,25,A,-,E,M,G,Y,-,3,-,-,"- ",,,N,-,0,0,A,2005,HONDA,A,01,,A,,-,-,2019
8790944,2,1,N,M,30,A,-,E,M,G,Y,-,3,-,-,"- ",,,N,-,0,1,B,2009,NISSAN,A,07,,H,,-,-,2019
8790948,1,1,Y,M,65,A,-,W,M,G,Y,-,1,-,-,"- ",,,F,-,0,0,B,2015,LEXUS,A,01,,W,-,-,-,2019
8790948,2,1,N,M,54,A,-,W,M,G,Y,-,3,-,-,"- ",,,N,-,0,1,A,2018,TOYOTA,A,01,,O,,-,-,2019
8790948,3,1,N,M,49,A,-,W,M,G,Y,-,3,-,-,"- ",,,N,-,0,2,A,2004,VOLKSWAGEN,A,01,,W,,-,-,2019
8790952,1,1,Y,M,46,A,-,E,L,G,Y,-,3,-,-,"- ",,,N,-,0,1,E,2008,LEXUS,A,01,,W,,-,-,2019
8790952,2,1,N,M,39,A,-,S,L,G,Y,-,3,-,-,"- ",,,N,-,0,0,B,2018,ROVER,A,01,,O,,-,-,2019
8794700,1,1,Y,M,16,A,-,E,M,G,Y,-,3,-,-,"- ",,,E,-,0,0,B,2008,AUDI,A,01,,W,,-,-,2019
8794700,2,2,N,F,56,A,-,S,-,-,O,-,3,-,-,"- ",,,N,-,0,1,B,,-,N,60,,H,,-,-,2019
8794704,1,1,Y,M,32,A,-,N,M,G,Y,-,3,-,-,"- ",,,N,-,0,0,E,2015,FORD,A,01,,O,,-,-,2019
8794704,2,1,N,M,30,A,-,W,M,G,Y,-,3,-,-,"- ",,,N,-,0,1,A,2017,TOYOTA,A,01,,O,,-,-,2019
8803534,1,1,Y,F,17,-,-,S,M,G,Y,-,3,-,-,"- ",,,N,-,0,0,B,2012,TOYOTA,A,01,,H,,-,-,2019
8803534,2,1,N,M,48,A,-,S,M,G,Y,-,3,-,-,"- ",,,N,-,0,1,A,2009,FORD,D,22,,H,,-,-,2019
8809566,1,1,Y,M,44,A,-,N,M,G,Y,-,3,-,-,"- ",,,N,-,0,0,B,2013,ACURA,A,07,,A,,-,-,2019
8809566,2,1,N,M,50,A,-,N,M,G,Y,-,3,-,-,"- ",,,N,-,0,1,H,2000,CHRYSLER,A,08,,H,,-,-,2019
8819433,1,1,N,M,55,A,-,E,L,G,Y,-,3,-,-,"- ",,,N,-,0,0,F,2005,TOYOTA,A,07,,O,,-,-,2019
8819433,2,1,N,M,21,A,-,W,L,G,Y,-,3,-,-,"- ",,,N,-,0,1,B,2007,HONDA,A,01,,H,,-,-,2019
8829686,1,1,N,F,43,A,-,W,M,G,Y,-,3,-,-,"- ",,,N,-,0,0,A,2005,SUBARU,A,07,,W,,-,-,2018
8829686,2,1,N,F,45,A,-,W,M,G,Y,-,3,-,-,"- ",,,N,-,0,1,H,2018,BMW,A,07,,A,,-,-,2018
8829686,3,1,Y,M,32,A,-,W,M,G,Y,-,3,-,-,"- ",,,N,-,0,0,B,2017,FORD,J,48,,W,,-,-,2018
8833593,1,1,Y,F,38,A,-,S,L,G,Y,-,3,-,-,"- ",,,N,-,0,1,E,2006,SUZUKI,A,01,,O,,-,-,2019
8833593,2,1,N,M,34,A,-,W,L,G,Y,-,3,-,-,"- ",,,N,-,0,1,B,2000,CHEVROLET,D,22,,W,,-,-,2019
8833607,1,1,Y,F,47,A,-,-,M,G,Y,-,3,-,-,"- ",,,N,-,0,0,B,2008,TOYOTA,A,08,,W,,-,-,2019
8833607,2,1,N,F,14,A,-,E,M,G,Y,-,3,-,-,"- ",,,N,-,0,2,H,2018,VOLVO,A,07,,A,,-,-,2019
8836527,1,1,Y,M,88,B,-,E,L,G,Y,-,3,-,,31,22107,,A,-,0,1,C,2000,MERCEDES-BENZ,A,01,,O,,-,-,2019
8836531,1,1,Y,F,44,A,-,E,M,G,Y,-,3,-,-,"- ",,,E,-,0,0,B,2019,AUDI,A,07,,O,,-,-,2019
8836531,2,2,N,F,85,A,-,N,-,-,O,-,3,-,-,"- ",,,N,-,0,1,B,,-,N,60,,O,,-,-,2019
8836535,1,1,Y,M,24,A,-,W,M,G,N,-,3,-,-,"- ",,,N,-,0,0,P,2004,HONDA,A,07,,W,,-,-,2019
8836535,2,1,N,M,30,A,-,W,M,G,Y,-,3,-,-,"- ",,,N,-,0,1,A,2018,FORD,A,08,,A,,-,-,2019
8836535,3,1,N,F,57,A,-,W,M,H,Y,-,3,-,-,"- ",,,N,-,0,0,A,2006,TOYOTA,A,08,,W,,-,-,2019
8836539,1,4,Y,M,17,A,-,E,-,-,O,-,3,-,-,"- ",,,N,-,0,1,B,,-,L,04,,W,,-,-,2019
8836539,2,1,N,F,42,A,-,E,M,G,Y,-,3,-,-,"- ",,,N,-,0,0,H,2015,HONDA,A,08,,,,-,-,2019
8836543,1,1,Y,F,72,A,-,W,L,G,Y,-,3,-,-,"- ",,,N,-,0,2,C,2004,TOYOTA,A,01,,A,,-,-,2019
8836547,1,1,Y,F,76,A,-,W,M,G,Y,-,3,-,-,"- ",,,N,-,0,0,J,2017,FORD,A,01,,W,,-,-,2019
8836547,2,1,N,M,62,A,-,W,L,G,Y,-,3,-,-,"- ",,,N,-,0,0,B,2017,MERCEDES-BENZ,A,01,,W,,-,-,2019
8836547,3,1,N,F,26,A,-,W,M,G,Y,-,3,-,-,"- ",,,N,-,0,1,B,2018,HYUNDAI,A,01,,H,,-,-,2019
8836591,1,1,Y,M,33,A,-,W,L,G,Y,-,3,-,-,"- ",,,N,-,0,0,B,2017,TOYOTA,A,08,,W,,-,-,2019
8836591,2,1,N,M,41,A,-,S,L,G,Y,-,3,-,-,"- ",,,N,-,0,1,E,2012,TOYOTA,A,01,,A,,-,-,2019
8836616,1,1,Y,F,85,A,-,S,L,G,Y,-,3,-,-,"- ",,,N,-,0,1,E,1993,FORD,A,01,,W,,-,-,2019
8836616,2,1,N,F,51,A,-,N,L,G,Y,-,3,-,-,"- ",,,N,-,0,1,B,2016,BMW,A,01,,W,,-,-,2019
8838082,1,1,Y,F,34,A,-,W,L,G,Y,-,3,-,-,"- ",,,N,-,0,1,B,2018,VOLVO,A,07,,O,,-,-,2019
8838082,2,1,N,M,44,A,-,N,L,G,Y,-,3,-,-,"- ",,,N,-,0,1,B,2018,LINCOLN,A,07,,W,,-,-,2019
8848864,1,1,Y,M,42,A,-,W,M,G,Y,-,3,-,-,"- ",,,H,-,0,0,B,2005,TOYOTA,A,01,,O,,-,-,2019
8848864,2,1,N,F,53,A,-,N,M,G,Y,-,3,-,-,"- ",,,N,-,0,1,A,2016,TOYOTA,A,01,,A,,-,-,2019
8849069,1,1,N,F,26,B,-,W,L,S,N,-,3,-,,31,22107,,A,-,0,1,B,2011,MAZDA,A,01,,W,,-,-,2019
8849069,2,3,N,-,230,H,H,-,-,-,O,-,-,-,-,"- ",,,-,-,0,0,O,2012,BMW,A,01,,,,-,-,2019
8849069,3,3,N,-,230,H,H,-,-,-,O,-,-,-,-,"- ",,,-,-,0,0,O,2018,MERCEDES-BENZ,A,01,,,,-,-,2019
8855647,1,1,N,F,54,A,-,S,L,G,Y,-,3,-,-,"- ",,,N,-,0,1,E,2007,LEXUS,A,01,,B,,-,-,2019
8855647,2,1,N,M,64,A,-,E,M,G,Y,-,3,-,-,"- ",,,N,-,0,1,B,2004,TOYOTA,D,22,,H,,-,-,2019
8855647,3,1,N,F,19,A,-,W,L,G,Y,-,3,-,-,"- ",,,N,-,0,1,B,2007,ACURA,A,07,,W,,-,-,2019
8856496,1,1,N,-,230,G,G,W,-,-,,-,-,-,-,"- ",,,N,-,0,0,B,,-,A,07,,,,-,-,2019
8856496,2,4,N,M,11,A,-,N,-,-,O,-,3,-,-,"- ",,,N,-,0,1,B,,-,L,04,,W,,-,-,2019
8859949,1,1,Y,M,48,A,-,S,M,H,Y,-,3,-,,33,21802,A,A,-,0,1,D,2012,MERCEDES-BENZ,D,22,,H,,-,-,2019
8859949,2,1,N,M,65,A,-,S,L,G,Y,-,3,-,-,"- ",,,N,-,0,1,B,2018,HONDA,A,01,,W,,-,-,2019
8866066,1,1,Y,F,22,A,-,E,M,G,Y,-,3,-,-,"- ",,,N,-,0,0,L,2017,TOYOTA,A,07,,W,,-,-,2019
8866066,2,2,N,F,70,G,G,N,-,-,O,-,3,-,-,"- ",,,-,-,0,1,B,,-,N,60,,A,,-,-,2019
8875444,1,4,Y,M,32,A,-,W,-,-,O,-,3,-,-,"- ",,,N,-,0,1,Q,,-,L,04,,W,,-,-,2019
8875444,2,1,N,F,38,A,-,N,M,G,Y,-,3,-,-,"- ",,,N,-,0,0,D,2019,NISSAN,A,01,,W,,-,-,2019
8877959,1,1,Y,F,43,A,-,E,L,G,Y,-,3,-,-,"- ",,,N,-,0,0,B,2017,TOYOTA,A,08,,O,,-,-,2019
8877959,2,1,N,M,45,A,-,S,M,G,Y,-,3,-,-,"- ",,,N,-,0,2,B,2011,BMW,A,07,,O,,-,-,2019
8878094,1,4,Y,M,30,A,-,E,-,-,O,-,3,-,-,"- ",,,N,-,0,1,B,,-,L,04,,W,,-,-,2019
8878094,2,1,N,F,24,A,-,W,M,G,Y,-,3,-,-,"- ",,,N,-,0,0,A,2006,HONDA,A,01,,O,,-,-,2019
8880991,1,1,Y,F,65,A,-,N,M,G,Y,-,3,-,-,"- ",,,N,-,0,2,B,1998,HONDA,A,01,,W,,-,-,2019
8880991,2,1,N,F,50,A,-,W,L,G,Y,-,3,-,-,"- ",,,N,-,0,1,B,2017,MAZDA,A,01,,W,,-,-,2019
8881027,1,1,Y,F,80,A,-,S,M,G,Y,-,3,-,-,"- ",,,N,-,0,0,E,2019,CHEVROLET,A,01,,W,,-,-,2019
8881027,2,1,N,M,54,A,-,N,P,W,Y,-,3,-,-,"- ",,,N,-,0,1,B,1998,HONDA,C,02,,W,,-,-,2019
8881031,1,1,Y,F,18,C,-,E,M,G,Y,-,3,-,-,"- ",,,F,-,0,0,B,2013,LEXUS,A,01,,W,-,-,-,2019
8881031,2,1,N,M,86,C,-,E,M,G,Y,-,3,-,-,"- ",,,N,-,0,2,H,2007,HONDA,A,01,,W,,-,-,2019
8881106,1,1,Y,F,61,A,-,E,M,G,Y,-,3,-,-,"- ",,,N,-,0,0,P,2018,VOLVO,A,07,,A,,-,-,2019
8881106,2,4,N,M,34,A,-,E,-,-,O,-,3,-,-,"- ",,,N,-,0,1,B,,-,L,04,,W,,-,-,2019
8882562,1,1,Y,M,55,A,-,W,L,G,Y,-,3,-,-,"- ",,,N,-,0,1,B,2006,HONDA,A,07,,W,,-,-,2019
8882562,2,1,N,M,52,A,-,W,L,G,Y,-,3,-,-,"- ",,,N,-,0,1,A,2009,BMW,A,01,,W,,-,-,2019
8882562,3,1,N,F,25,A,-,W,M,G,Y,-,3,-,-,"- ",,,N,-,0,1,A,2012,TOYOTA,A,01,,A,,-,-,2019
8882562,4,1,N,F,47,A,-,W,M,G,Y,-,3,-,-,"- ",,,N,-,0,1,A,2013,INFINITI,A,01,,W,,-,-,2019
8882562,5,1,N,F,54,A,-,W,M,G,Y,-,3,-,-,"- ",,,N,-,0,0,A,2011,VOLKSWAGEN,A,01,,W,,-,-,2019
8883095,1,1,Y,F,56,A,-,S,M,G,Y,-,3,-,-,"- ",,,N,-,0,0,D,2012,TOYOTA,A,08,,A,,-,-,2019
8883095,2,4,N,M,13,A,-,E,-,-,O,-,3,-,-,"- ",,,N,-,0,1,B,,-,L,04,,W,,-,-,2019
8886422,1,1,N,M,24,-,F,W,L,G,Y,-,3,-,,27,21651,B,A,-,0,0,B,2017,FORD,D,22,,H,,-,-,2019
8886422,2,1,N,M,51,A,-,E,L,G,Y,-,3,-,-,"- ",,,N,-,0,1,B,1998,GMC,F,26,,H,,-,-,2019
8889612,1,1,Y,M,71,B,-,W,M,G,Y,-,3,-,,25,22350,,A,-,0,0,J,2017,FORD,A,01,,W,,-,-,2019
8889612,2,1,N,F,68,A,-,W,M,G,Y,-,3,-,-,"- ",,,N,-,0,1,H,2018,SUBARU,A,01,,W,,-,-,2019
8890547,1,4,N,M,48,-,I,E,-,-,O,-,3,-,-,"- ",,,N,-,0,1,C,,-,L,04,,W,,-,-,2019
8890560,1,1,N,F,53,A,-,W,L,G,Y,-,3,-,-,"- ",,,M,-,0,1,C,2001,TOYOTA,A,01,,H,,-,-,2019
8890846,1,1,Y,-,230,G,G,-,-,-,,-,-,-,-,"- ",,,N,-,0,0,B,,-,-,99,,,,-,-,2019
8890846,2,1,N,M,59,A,-,W,M,G,Y,-,-,-,-,"- ",,,N,-,0,1,A,2008,TOYOTA,A,08,,A,,-,-,2019
8895981,1,1,Y,M,22,A,-,W,M,G,Y,-,3,-,-,"- ",,,N,-,0,1,B,2007,"OTHER - TRUCK",F,26,,B,,-,-,2019
8895981,2,1,N,M,55,A,-,W,M,G,Y,-,3,-,-,"- ",,,N,-,0,0,A,2018,AUDI,A,01,,O,,-,-,2019
8896019,1,1,N,M,82,A,-,S,M,G,Y,-,3,-,-,"- ",,,N,-,0,0,B,2002,HONDA,A,08,,,,-,-,2019
8896019,2,1,N,F,49,A,-,W,L,G,Y,-,3,-,-,"- ",,,N,-,0,1,B,2004,MERCEDES-BENZ,A,01,,H,,-,-,2019
8896540,1,1,Y,M,54,A,-,N,M,G,Y,-,3,-,-,"- ",,,N,-,0,0,D,2006,VOLVO,A,01,,W,,-,-,2019
8896540,2,1,N,F,60,A,-,N,M,G,Y,-,3,-,-,"- ",,,N,-,0,1,A,2018,BMW,A,01,,W,,-,-,2019
8903308,1,1,Y,F,28,A,-,N,M,G,Y,-,3,-,-,"- ",,,N,-,0,0,B,2005,TOYOTA,A,01,,O,,-,-,2019
8903308,2,1,N,F,63,A,-,N,M,G,Y,-,3,-,-,"- ",,,N,-,0,1,A,2005,HONDA,A,01,,A,,-,-,2019
8903308,3,1,N,M,36,A,-,N,M,G,Y,-,3,-,,25,22350,,A,-,0,0,B,2014,FORD,A,01,,W,,-,-,2019
8908244,1,1,Y,M,62,A,-,W,L,G,Y,-,3,-,-,"- ",,,N,-,0,0,B,2014,HONDA,A,01,,O,,-,-,2019
8908244,2,1,N,M,50,A,-,W,M,G,Y,-,3,-,-,"- ",,,N,-,0,1,A,2018,NISSAN,A,08,,W,,-,-,2019
8908248,1,1,Y,F,31,A,-,E,M,G,Y,-,3,-,-,"- ",,,N,-,0,0,B,2015,HYUNDAI,A,01,,W,,-,-,2019
8908248,2,1,N,M,57,A,-,E,M,G,Y,-,3,-,-,"- ",,,N,-,0,1,A,2013,PORSCHE,A,01,,W,,-,-,2019
8910916,1,1,Y,M,82,A,-,E,L,G,Y,-,3,-,,47,12500,A,A,N,1,1,B,2006,TOYOTA,A,01,,W,,-,-,2019
8918255,1,1,Y,F,49,A,-,N,M,G,Y,-,3,-,-,"- ",,,F,-,0,0,B,2013,LEXUS,A,07,,A,-,-,-,2019
8918255,2,1,N,M,28,A,-,W,L,G,Y,-,3,-,-,"- ",,,N,-,0,2,B,2014,TOYOTA,A,01,,H,,-,-,2019
8922539,1,1,N,M,34,A,-,N,M,G,Y,-,3,-,-,"- ",,,N,-,0,0,B,2007,DODGE,A,07,,W,,-,-,2019
8922539,2,4,N,M,50,A,-,E,-,-,O,-,3,-,-,"- ",,,N,-,0,1,B,,-,L,04,,W,,-,-,2019
8925842,1,1,Y,F,36,A,-,E,M,G,Y,-,3,-,-,"- ",,,F,-,0,0,B,2013,"LAND ROVER",A,01,,A,-,-,-,2019
8925842,2,1,N,M,53,A,-,E,M,G,Y,-,3,-,-,"- ",,,N,-,0,1,A,2006,TOYOTA,D,22,,H,,-,-,2019
8925842,3,1,N,M,50,A,-,E,M,G,Y,-,3,-,-,"- ",,,N,-,0,0,A,2015,INFINITI,A,01,,W,,-,-,2019
8925842,4,1,N,F,41,A,-,E,M,G,Y,-,3,-,-,"- ",,,N,-,0,0,A,2017,TESLA,A,01,,W,,-,-,2019
8925917,1,1,Y,M,38,A,-,E,M,G,Y,-,3,-,-,"- ",,,G,-,0,0,B,2019,NISSAN,A,01,,W,,-,-,2019
8925917,2,1,N,F,58,A,-,E,M,G,Y,-,3,-,-,"- ",,,G,-,0,1,A,2007,HONDA,A,01,,O,,-,-,2019
8925917,3,1,N,F,37,A,-,E,M,G,Y,-,3,-,-,"- ",,,G,-,0,1,A,2011,TOYOTA,A,01,,W,,-,-,2019
8933071,1,1,Y,F,59,A,-,N,M,G,,-,3,-,-,"- ",,,N,-,0,1,B,2018,NISSAN,A,01,,O,,-,-,2019
8933071,2,1,N,F,72,A,-,E,M,G,Y,-,3,-,-,"- ",,,N,-,0,0,B,2005,TOYOTA,A,07,,W,,-,-,2019
8933143,1,1,Y,M,80,A,-,S,L,G,Y,-,3,-,-,"- ",,,N,-,0,1,E,2001,VOLKSWAGEN,A,08,,W,,-,-,2019
8933143,2,1,N,F,34,A,-,W,L,G,Y,-,3,-,-,"- ",,,N,-,0,1,B,2019,MITSUBISHI,A,07,,W,,-,-,2019
8941435,1,1,Y,M,67,A,-,E,M,G,Y,-,3,-,-,"- ",,,N,-,0,0,A,2014,FORD,A,01,,W,,-,-,2019
8941435,2,4,N,M,47,A,-,E,-,-,O,-,3,-,-,"- ",,,N,-,0,1,B,,-,L,04,,W,,-,-,2019
8941548,1,1,Y,M,45,A,-,E,M,G,Y,-,3,-,-,"- ",,,N,-,0,0,L,2016,KIA,A,01,,O,,-,-,2019
8941548,2,4,N,M,15,A,-,E,-,-,O,-,3,-,-,"- ",,,N,-,0,1,B,,-,L,04,,H,,-,-,2019
8941568,1,1,Y,F,31,H,H,E,M,G,Y,-,3,-,-,"- ",,,G,-,0,0,B,2005,TOYOTA,A,01,,W,,-,-,2019
8941568,2,1,N,M,28,H,H,E,M,G,Y,-,3,-,-,"- ",,,G,-,0,1,A,1995,BMW,A,01,,W,,-,-,2019
8954077,1,1,N,M,62,A,-,W,M,G,Y,-,3,-,-,"- ",,,N,-,0,0,B,1998,DODGE,D,22,,W,,-,-,2019
8954077,2,1,N,F,31,A,-,S,L,G,Y,-,3,-,-,"- ",,,N,-,0,2,E,2019,HONDA,A,01,,H,,-,-,2019
8962023,1,1,Y,F,25,B,-,W,L,G,Y,-,2,-,,27,21651,B,A,-,0,2,Q,2015,AUDI,A,01,,W,,-,-,2019
8962027,1,1,Y,M,230,G,G,N,-,-,,-,-,-,-,"- ",,,N,-,0,0,D,,-,A,01,,W,,-,-,2019
8962027,2,4,N,M,13,A,-,N,-,-,O,-,3,-,-,"- ",,,N,-,0,1,B,,-,L,04,,A,,-,-,2019
8964471,1,1,Y,F,58,A,-,E,M,G,Y,-,3,-,-,"- ",,,H,-,0,1,E,2019,BMW,A,01,,W,,-,-,2019
8964471,2,1,N,F,59,A,-,S,M,G,Y,-,3,-,-,"- ",,,N,-,0,0,B,2008,TOYOTA,A,07,,W,,-,-,2019
8964475,1,1,Y,F,31,A,-,S,M,G,Y,-,3,-,-,"- ",,,M,-,0,1,B,2005,MAZDA,A,08,,H,,-,-,2019
8964475,2,1,N,M,50,A,-,E,M,G,Y,-,3,-,-,"- ",,,N,-,0,2,B,1999,FORD,A,07,,H,,-,-,2019
8965033,1,4,Y,M,28,A,-,E,-,-,O,-,3,-,-,"- ",,,F,-,0,1,B,,-,L,04,,,-,-,-,2019
8965033,2,3,N,-,230,A,-,-,-,-,O,-,-,-,-,"- ",,,N,-,0,0,O,2014,FORD,D,22,,,,-,-,2019
8965037,1,1,Y,M,68,A,-,E,M,G,Y,-,3,-,-,"- ",,,E,-,0,0,B,2003,CHEVROLET,D,22,,W,,-,-,2019
8965037,2,4,N,M,12,A,-,N,-,-,O,-,3,-,-,"- ",,,N,-,0,1,B,,-,L,04,,O,,-,-,2019
8967548,1,1,Y,F,37,A,-,W,L,G,Y,-,3,-,-,"- ",,,N,-,0,1,C,2007,ACURA,A,07,,B,,-,-,2019
8967552,1,1,Y,M,25,B,-,E,M,B,Y,-,-,-,,27,21651,A,A,-,0,1,C,2007,CADILLAC,A,07,,H,,-,-,2019
8972459,1,1,Y,M,48,A,-,W,M,G,Y,-,3,-,-,"- ",,,N,-,0,0,B,2004,FORD,D,22,,H,,-,-,2019
8972459,2,1,N,F,47,A,-,W,M,G,Y,-,3,-,-,"- ",,,N,-,0,1,A,2017,BMW,A,01,,A,,-,-,2019
8972627,1,1,Y,M,79,A,-,S,L,G,Y,-,3,-,-,"- ",,,E,-,0,2,B,2004,TOYOTA,A,01,,W,,-,-,2019
8972627,2,1,N,F,42,A,-,W,L,G,Y,-,3,-,-,"- ",,,N,-,0,2,B,2019,KIA,A,01,,W,,-,-,2019
8973157,1,1,Y,M,12,A,-,E,L,G,Y,-,2,-,-,"- ",,,G,-,0,0,B,2013,VOLKSWAGEN,A,01,,O,,-,-,2019
8973157,2,1,N,M,34,A,-,E,M,G,Y,-,-,-,-,"- ",,,G,-,0,1,B,2008,NISSAN,F,26,,H,,-,-,2019
8973157,3,1,N,M,58,A,-,E,M,G,Y,-,-,-,-,"- ",,,G,-,0,0,A,2002,TOYOTA,C,06,,W,,-,-,2019
8975633,1,1,Y,M,51,A,-,E,L,G,Y,-,3,-,-,"- ",,,N,-,0,0,B,2018,TESLA,A,01,,O,,-,-,2019
8975633,2,1,N,M,57,A,-,E,M,G,Y,-,3,-,-,"- ",,,N,-,0,1,A,2017,VOLKSWAGEN,A,01,,W,,-,-,2019
8975641,1,4,Y,F,52,A,-,W,-,-,O,-,3,-,-,"- ",,,N,-,0,1,B,,-,L,04,,W,,-,-,2019
8978942,1,1,Y,F,49,A,-,S,L,G,Y,-,3,-,-,"- ",,,N,-,0,1,E,2008,INFINITI,A,07,,W,,-,-,2019
8978942,2,1,N,M,88,A,-,E,M,G,Y,-,3,-,-,"- ",,,N,-,0,1,B,2018,TOYOTA,A,01,,W,,-,-,2019
8978946,1,1,Y,F,42,G,G,N,L,G,Y,-,3,-,-,"- ",,,N,-,0,1,B,2018,BMW,A,07,,W,,-,-,2019
8982423,1,1,Y,M,56,C,-,S,P,W,Y,-,3,-,-,"- ",,,N,-,0,1,B,2015,VESPA,C,02,,W,,-,-,2019
8982423,2,1,N,M,51,A,-,W,M,G,Y,-,3,-,-,"- ",,,N,-,0,0,B,2010,LEXUS,A,01,,W,,-,-,2019
8988643,1,1,Y,M,50,A,-,W,M,G,Y,-,3,-,-,"- ",,,N,-,0,1,B,2005,TOYOTA,D,22,,H,,-,-,2019
8989210,1,1,Y,F,43,A,-,S,M,G,Y,-,3,-,-,"- ",,,J,-,0,0,E,2010,MAZDA,A,07,,O,,-,-,2019
8989210,2,1,N,F,47,A,-,W,M,G,Y,-,3,-,-,"- ",,,-,-,0,1,B,2013,BUICK,A,01,,B,,-,-,2019
8989214,1,1,Y,M,56,A,-,N,L,B,Y,-,-,-,-,"- ",,,M,-,0,0,B,2013,HONDA,A,01,,W,,-,-,2019
8989214,2,1,N,F,70,A,-,N,L,G,Y,-,3,-,-,"- ",,,-,-,0,0,A,1999,TOYOTA,A,01,,W,,-,-,2019
8989214,3,1,N,F,66,A,-,N,M,G,Y,-,3,-,-,"- ",,,-,-,0,1,A,1999,TOYOTA,A,01,,W,,-,-,2019
8989218,1,1,Y,M,56,G,G,W,L,G,Y,-,3,-,-,"- ",,,N,-,0,1,B,2013,HONDA,A,01,,W,,-,-,2019
8989218,2,1,N,F,59,-,-,E,M,G,Y,-,3,-,-,"- ",,,N,-,0,0,B,2009,VOLVO,A,01,,A,,-,-,2019
8994991,1,1,Y,M,35,G,G,N,M,B,N,-,-,-,-,"- ",,,N,-,0,1,B,2000,CHEVROLET,D,22,,H,,-,-,2019
8994991,2,1,N,F,54,C,-,W,L,G,Y,-,3,-,-,"- ",,,N,-,0,1,E,2012,TOYOTA,A,01,,A,,-,-,2019
90016966,1,1,N,M,38,A,-,N,M,G,Y,-,3,-,-,"- ",,,N,-,0,0,B,2011,TOYOTA,A,"8 ",,O,,-,-,2015
90016966,2,1,Y,M,38,A,-,N,-,W,Y,-,3,-,-,"- ",,,N,-,0,1,B,2013,DUCATI,C,"2 ",,O,,-,-,2015
90049401,1,1,N,F,40,A,-,N,M,G,Y,-,3,-,-,"- ",,,N,-,0,1,B,2005,HOND,A,"1 ",,W,,-,-,2015
90049401,2,1,Y,M,22,A,-,N,-,W,Y,-,3,-,-,"- ",,,N,-,0,1,R,2002,YAMA,C,"2 ",,W,,-,-,2015
9009170,1,1,Y,F,72,A,-,E,M,G,Y,-,3,-,-,"- ",,,N,-,0,1,D,2000,NISSAN,A,01,,W,,-,-,2019
9009170,2,1,N,M,22,A,-,E,M,G,Y,-,3,-,-,"- ",,,N,-,0,0,J,2014,"OTHER - BUS",I,20,,O,,-,-,2019
9009175,1,1,Y,M,39,A,-,W,M,G,Y,-,3,-,-,"- ",,,F,-,0,0,D,2016,FORD,D,22,,H,K,-,-,2019
9009175,2,1,N,F,39,A,-,W,M,G,Y,-,3,-,-,"- ",,,N,-,0,1,P,2012,TOYOTA,A,08,,B,,-,-,2019
9009576,1,1,Y,M,78,A,-,W,G,M,Y,-,3,-,-,"- ",,,N,-,0,0,E,2019,NISSAN,A,01,,O,,-,-,2019
9009576,2,4,N,M,28,A,-,S,-,-,O,-,3,-,-,"- ",,,N,-,0,1,E,,-,L,04,,W,,-,-,2019
90103263,1,1,Y,F,24,A,-,E,M,G,Y,-,3,-,-,"- ",,,N,-,0,1,B,2009,TOYO,A,"1 ",,A,,-,-,2016
90153078,1,1,Y,F,25,A,-,N,L,G,Y,-,3,-,-,"- ",,,N,-,0,4,B,2003,CHEV,A,"7 ",,H,,-,-,2016
90158737,1,1,Y,M,26,A,-,S,M,G,Y,-,3,-,-,"- ",,,N,-,0,1,B,1999,HONDA,A,"7 ",,A,,-,-,2016
90172816,1,1,Y,F,23,A,-,N,M,G,Y,-,3,-,-,"- ",,,N,-,0,0,B,1996,HONDA,A,"1 ",,W,,-,-,2016
90172816,2,1,N,M,57,A,-,N,M,G,Y,-,3,-,-,"- ",,,N,-,0,1,A,2015,TOYO,A,"1 ",,A,,-,-,2016
90179716,1,1,N,M,65,A,-,N,M,G,Y,-,3,-,-,"- ",,,N,-,0,1,B,1994,HONDA,A,"1 ",,W,,-,-,2016
90197756,1,1,Y,M,23,A,-,S,M,G,Y,-,3,-,-,"- ",,,N,-,0,0,B,2003,TOYO,D,22,,A,,-,-,2016
90197756,2,1,N,F,36,A,-,S,M,G,Y,-,3,-,-,"- ",,,N,-,0,1,H,2016,VOLK,A,"1 ",,H,,-,-,2016
90206824,1,1,Y,F,35,A,-,S,M,G,Y,-,3,-,-,"- ",,,M,-,0,0,B,2000,BUIC,A,"1 ",,W,,-,-,2016
90206824,2,1,N,M,54,A,-,S,M,G,Y,-,3,-,-,"- ",,,N,-,0,1,A,2013,TOYO,A,"1 ",,W,,-,-,2016
90206824,3,1,N,F,19,A,-,S,M,G,Y,-,3,-,-,"- ",,,N,-,0,0,A,2007,HONDA,A,"1 ",,A,,-,-,2016
90206824,4,1,N,M,35,A,-,S,M,G,Y,-,3,-,-,"- ",,,N,-,0,0,A,2012,NISS,D,22,,W,,-,-,2016
90216268,1,1,Y,F,20,A,-,N,L,G,Y,-,3,-,-,"- ",,,N,-,0,1,B,2002,PONT,A,"1 ",,W,,-,-,2016
90216268,2,1,N,M,34,A,-,N,M,G,Y,-,3,-,-,"- ",,,N,-,0,0,A,2014,FORD,A,"1 ",,W,,-,-,2016
90216268,3,1,N,F,42,A,-,N,M,G,Y,-,3,-,-,"- ",,,N,-,0,0,A,2005,TOYO,A,"1 ",,A,,-,-,2016
9022252,1,1,Y,F,34,A,-,W,L,G,Y,-,-,-,-,"- ",,,F,-,0,1,B,2012,TOYOTA,A,01,,W,-,-,-,2019
9022252,2,1,N,M,31,A,-,N,L,G,Y,-,-,-,-,"- ",,,N,-,0,1,E,2006,TOYOTA,A,01,,W,,-,-,2019
90252478,1,1,Y,M,32,A,-,S,P,W,Y,-,3,-,-,"- ",,,N,-,0,1,I,2015,DUCA,A,"1 ",,O,,-,-,2016
90252478,2,1,N,M,73,A,-,S,M,G,Y,-,3,-,-,"- ",,,N,-,0,0,B,2011,HOND,A,"1 ",,W,,-,-,2016
90274299,1,1,Y,M,27,B,-,N,L,B,N,-,3,-,,31,22107,,A,-,0,1,C,2002,HONDA,A,"1 ",,W,,-,-,2016
90285097,1,1,Y,F,21,A,-,S,M,G,Y,-,3,-,-,"- ",,,H,-,0,0,B,2009,LINC,A,"7 ",,W,,-,-,2016
90285097,2,1,N,F,18,A,-,S,M,G,Y,-,3,-,-,"- ",,,H,-,0,2,P,2006,TOYO,A,"1 ",,H,,-,-,2016
90294623,1,1,N,F,29,A,-,N,L,G,Y,-,3,-,-,"- ",,,N,-,0,1,B,2015,HYUN,A,"7 ",,W,,-,-,2016
9030360,1,1,N,F,30,A,-,W,M,G,Y,-,3,-,-,"- ",,,N,-,0,1,H,2019,MINI,-,,,O,,-,-,2019
9030360,2,1,N,M,44,A,-,W,M,G,Y,-,3,-,-,"- ",,,N,-,0,0,H,2015,PETERBILT,-,,,H,,-,-,2019
90320762,1,1,Y,F,20,A,-,N,L,G,Y,-,3,-,-,"- ",,,H,-,0,1,B,2009,MERB,A,"1 ",,W,,-,-,2016
90328256,1,1,N,M,26,A,-,N,M,G,Y,-,3,-,-,"- ",,,N,-,0,0,H,2011,AUDI,A,"1 ",,W,,-,-,2016
90328256,2,1,Y,M,68,A,-,N,-,W,Y,-,3,-,-,"- ",,,N,-,0,1,B,1985,BMW,C,"2 ",,W,,-,-,2016
90388437,1,1,Y,M,38,A,-,S,L,G,Y,-,3,-,-,"- ",,,N,-,0,3,C,2014,MAZDA,A,"1 ",,O,,-,-,2017
90422092,1,1,Y,F,20,-,I,S,M,G,N,-,3,-,-,"- ",,,N,-,0,1,R,2002,HOND,A,"1 ",,A,,-,-,2017
90434792,1,1,Y,F,54,A,-,N,M,G,Y,-,3,-,-,"- ",,,H,N,0,0,B,2013,LEXU,A,"7 ",,W,,-,-,2017
90434792,2,1,N,F,45,A,-,N,M,G,Y,-,3,-,-,"- ",,,H,N,0,1,A,2015,PORS,A,"7 ",,W,,-,-,2017
90438637,1,1,Y,M,42,-,I,N,L,G,Y,-,3,-,-,"- ",,,N,-,0,1,M,2016,SUBARU,A,"1 ",,A,,-,-,2017
90455918,1,1,Y,F,19,A,-,E,M,G,Y,-,3,-,-,"- ",,,I,-,0,0,B,2014,MINI,A,"1 ",,W,,-,-,2017
90455918,2,1,N,F,39,A,-,E,M,G,Y,-,3,-,-,"- ",,,H,-,0,1,B,2014,HONDA,A,"8 ",,A,,-,-,2017
90460860,1,1,Y,M,24,A,-,S,L,G,Y,-,3,-,-,"- ",,,N,-,0,0,B,1996,HONDA,A,"1 ",,H,,-,-,2017
90460860,2,1,N,M,49,A,-,S,L,G,Y,-,3,-,-,"- ",,,N,-,0,0,B,2014,TOYT,A,"1 ",,W,,-,-,2017
90460860,3,1,N,M,41,A,-,S,M,G,Y,-,3,-,-,"- ",,,N,-,0,1,B,2013,SUBA,A,"1 ",,W,,-,-,2017
90465870,1,1,Y,M,26,A,-,S,M,G,Y,-,3,-,-,"- ",,,N,-,0,0,L,2015,INTERNAT,F,55,,H,,-,-,2017
90465870,2,1,N,F,22,A,-,S,L,G,Y,-,3,-,-,"- ",,,M,-,0,1,M,2005,HONDA,A,"1 ",,H,,-,-,2017
90465870,3,1,N,M,80,A,-,S,L,G,Y,-,3,-,-,"- ",,,N,-,0,1,B,2014,INFINIT,A,"1 ",,W,,-,-,2017
90477705,1,1,Y,M,37,A,-,S,M,G,Y,-,3,-,-,"- ",,,N,-,0,0,B,2016,TOYO,A,"1 ",,A,,-,-,2017
90477705,2,1,N,F,66,A,-,S,M,G,Y,-,3,-,-,"- ",,,N,-,0,1,B,2015,LEXS,A,"7 ",,A,,-,-,2017
90481340,1,1,Y,F,24,A,-,S,L,G,Y,-,3,-,-,"- ",,,N,-,0,1,R,2011,TOYO,A,"1 ",,A,,-,-,2017
90481340,2,3,N,-,998,A,-,S,-,-,O,-,3,-,-,"- ",,,N,-,0,0,O,2006,HUMMER,A,"7 ",,,,-,-,2017
90488229,1,1,Y,F,59,A,-,S,P,G,Y,-,3,-,-,"- ",,,N,-,0,0,J,1973,VOLK,A,"1 ",,W,,-,-,2017
90488229,2,1,N,M,33,A,-,S,-,W,Y,-,3,-,-,"- ",,,N,-,0,1,B,2009,KAWASAKI,C,"2 ",,W,,-,-,2017
90509556,1,1,Y,M,23,A,-,N,L,G,N,-,2,-,-,"- ",,,N,-,0,1,D,2002,HOND,A,"1 ",,O,,-,-,2017
90544337,1,1,Y,M,26,A,-,N,M,G,Y,-,3,-,-,"- ",,,N,-,0,0,B,2003,TOYO,A,"1 ",,A,,-,-,2017
90544337,2,1,N,F,39,A,-,N,L,G,N,-,3,-,-,"- ",,,N,-,0,2,A,2016,SMAR,A,"1 ",,W,,-,-,2017
90544337,3,1,N,F,50,A,-,N,L,G,Y,-,3,-,-,"- ",,,N,-,0,0,H,2016,BMW,A,"7 ",,A,,-,-,2017
90556520,1,1,Y,M,50,A,-,N,L,G,Y,-,3,-,-,"- ",,,N,-,0,3,B,2003,TOYO,A,"8 ",,W,,-,-,2017
90556520,2,1,N,F,43,A,-,N,M,G,Y,-,3,-,-,"- ",,,N,-,0,0,B,2015,HYUND,A,"1 ",,W,,-,-,2017
90556520,3,1,N,M,28,A,-,N,M,G,Y,-,3,-,-,"- ",,,N,-,0,0,B,2008,NISSAN,A,"1 ",,H,,-,-,2017
90560703,1,1,Y,M,22,A,-,S,M,G,Y,-,3,-,-,"- ",,,N,-,0,1,B,2013,ACURA,A,"1 ",,H,,-,-,2017
90560703,2,1,N,F,24,A,-,S,M,G,Y,-,3,-,-,"- ",,,N,-,0,0,B,2008,TOYT,A,"1 ",,W,,-,-,2017
90568041,1,1,Y,M,37,A,-,S,L,G,Y,-,3,-,-,"- ",,,N,-,0,1,B,2006,NISS,A,"1 ",,W,,-,-,2017
90568041,2,1,N,F,23,A,-,S,M,G,Y,-,3,-,-,"- ",,,N,-,0,1,A,2005,TOYO,A,"1 ",,H,,-,-,2017
90568041,3,1,N,M,46,A,-,S,M,G,Y,-,3,-,-,"- ",,,N,-,0,0,A,2006,MERB,A,"1 ",,A,,-,-,2017
90568621,1,1,Y,M,55,B,-,N,L,G,Y,-,3,-,,31,22107,,A,-,0,1,C,2017,FORD,A,"1 ",,W,,-,-,2017
90620126,1,1,Y,M,90,A,-,S,L,G,Y,-,3,-,-,"- ",,,N,-,0,1,B,2006,DODGE,A,"8 ",,W,,-,-,2017
90620126,2,1,N,M,42,A,-,S,L,G,Y,-,1,-,-,"- ",,,M,-,0,2,A,2017,GMC,A,"7 ",,A,,-,-,2017
90638281,1,1,N,F,23,A,-,S,M,G,Y,-,3,-,-,"- ",,,N,-,0,1,R,2007,TOYO,A,"1 ",,W,,-,-,2017
90685104,1,1,Y,M,33,A,-,S,M,G,Y,-,3,-,-,"- ",,,N,-,0,0,B,2007,CHEV,D,22,,W,,-,-,2018
90685104,2,1,N,F,20,A,-,S,L,G,Y,-,3,-,-,"- ",,,N,-,0,3,H,2010,MAZD,A,01,,W,,-,-,2018
90685104,3,1,N,M,23,A,-,S,M,G,Y,-,3,-,-,"- ",,,N,-,0,0,A,2010,NISSAN,A,01,,W,,-,-,2018
90685104,4,1,N,M,29,A,-,S,M,G,Y,-,3,-,-,"- ",,,N,-,0,0,H,2017,VOLKS,A,01,,O,,-,-,2018
90707767,1,1,N,M,48,A,-,N,L,G,Y,-,3,-,-,"- ",,,N,-,0,1,B,2003,NISS,A,01,,A,,-,-,2018
90707767,2,1,N,M,55,A,-,N,L,G,Y,-,3,-,-,"- ",,,I,-,0,1,O,2001,TOYOTA,A,01,,H,,-,-,2018
90721030,1,1,N,M,28,A,-,S,M,G,Y,-,3,-,-,"- ",,,N,-,0,0,J,2016,VOLK,A,01,,A,,-,-,2018
90721030,2,1,N,M,25,A,-,S,-,W,Y,-,3,-,-,"- ",,,N,-,0,1,B,2008,BMW,C,02,,W,,-,-,2018
90750588,1,1,Y,M,86,A,-,N,L,E,Y,-,3,-,-,"- ",,,N,-,0,2,B,2017,TOYT,A,01,,,,-,-,2018
90751264,1,1,Y,M,22,A,-,S,M,G,Y,-,3,-,-,"- ",,,N,-,0,0,B,2016,MERZ,A,01,,B,,-,-,2018
90751264,2,1,N,M,49,A,-,S,M,G,Y,-,3,-,-,"- ",,,N,-,0,0,A,2015,NISS,A,01,,H,,-,-,2018
90751264,3,1,N,-,230,G,G,S,B,B,N,-,3,-,-,"- ",,,N,-,0,0,A,,UNK,-,99,,,,-,-,2018
90751264,4,1,N,M,21,A,-,S,L,G,Y,-,3,-,,25,22350,,A,-,0,1,B,1998,HOND,A,01,,H,,-,-,2018
90764367,1,1,Y,M,39,A,-,E,-,W,Y,-,3,-,-,"- ",,,N,-,0,1,B,2018,YAMAHA,C,02,,W,,-,-,2018
90797752,1,1,Y,-,230,G,G,E,B,B,N,-,3,-,-,"- ",,,N,-,0,0,B,,-,-,99,,,,-,-,2018
90797752,2,4,N,M,64,A,-,E,-,W,O,-,3,-,-,"- ",,,N,-,0,1,B,2013,FUJI,L,04,,W,,-,-,2018
90797752,3,4,N,F,51,A,-,E,-,W,O,-,3,-,-,"- ",,,N,-,0,1,B,2015,MOTORBEC,L,04,,O,,-,-,2018
90818757,1,1,Y,F,45,A,-,N,M,G,Y,-,3,-,-,"- ",,,H,-,0,0,A,2014,HYUN,A,01,,W,,-,-,2018
90818757,2,1,N,F,32,A,-,N,M,G,Y,-,3,-,-,"- ",,,H,-,0,1,B,2017,NISS,A,01,,A,,-,-,2018
90832042,1,1,Y,M,23,A,-,N,L,G,Y,-,3,-,-,"- ",,,F,-,0,0,B,2002,ACURA,A,01,,H,K,-,-,2018
90832042,2,1,N,F,65,A,-,N,M,G,Y,-,3,-,-,"- ",,,N,-,0,1,H,2019,TOYO,A,01,,H,,-,-,2018
90838097,1,1,Y,-,230,G,G,S,-,-,N,-,3,-,-,"- ",,,N,-,0,0,J,,-,-,99,,,,-,-,2018
90838097,2,1,N,F,51,A,-,S,M,G,Y,-,3,-,-,"- ",,,N,-,0,0,A,2018,HOND,A,01,,W,,-,-,2018
90838097,3,1,N,F,48,A,-,S,M,G,Y,-,3,-,-,"- ",,,N,-,0,0,A,2018,TOYT,A,01,,W,,-,-,2018
90838097,4,1,N,M,70,A,-,S,M,G,Y,-,3,-,,25,22350,,A,-,0,1,H,1999,TOYT,D,22,,W,,-,-,2018
90840573,1,1,Y,M,69,A,-,N,-,W,Y,-,3,-,-,"- ",,,G,-,0,1,A,1996,HD,C,02,,W,,-,-,2018
90840573,2,1,N,M,43,A,-,N,M,G,Y,-,3,-,-,"- ",,,G,-,0,0,B,2017,INFI,A,01,,O,,-,-,2018
90848211,1,1,Y,M,17,A,-,N,M,G,Y,-,3,-,-,"- ",,,N,-,0,0,B,2013,LEXU,A,07,,W,,-,-,2018
90848211,2,1,N,F,46,A,-,N,M,G,Y,-,3,-,-,"- ",,,N,-,0,1,H,2014,CHEV,A,01,,W,,-,-,2018
90850430,1,1,Y,M,26,A,-,S,M,G,Y,-,3,-,-,"- ",,,N,-,0,0,B,2009,HOND,A,01,,W,,-,-,2018
90850430,2,1,N,F,31,A,-,S,M,G,Y,-,3,-,-,"- ",,,N,-,0,1,A,2014,KIA,A,07,,B,,-,-,2018
90858683,1,1,Y,M,35,A,-,N,M,G,Y,-,3,-,-,"- ",,,N,-,0,0,B,1997,HONDA,A,01,,H,,-,-,2018
90858683,2,1,N,M,51,A,-,N,M,G,Y,-,3,-,-,"- ",,,N,-,0,1,H,2012,TOYO,A,01,,O,,-,-,2018
90859028,1,1,Y,F,29,A,-,N,M,G,Y,-,3,-,-,"- ",,,N,-,0,0,B,2006,TOYT,A,01,,W,,-,-,2018
90859028,2,1,N,F,47,A,-,N,M,G,Y,-,3,-,-,"- ",,,N,-,0,1,B,2008,TOYT,A,01,,W,,-,-,2018
90922685,1,1,Y,-,230,G,G,N,L,C,Y,-,3,-,-,"- ",,,M,-,0,3,R,2008,SUBA,A,01,,,,-,-,2019
90938635,1,1,Y,M,84,A,-,S,L,G,Y,-,3,-,-,"- ",,,N,-,0,2,R,2005,TOYOTA,A,01,,W,,-,-,2019
90962608,1,1,Y,-,230,G,G,S,-,-,N,-,3,-,-,"- ",,,N,-,0,0,J,2007,CHEV,A,07,,,,-,-,2019
90962608,2,1,N,M,25,A,-,S,M,G,Y,-,3,-,-,"- ",,,N,-,0,1,B,1993,NISS,D,22,,H,,-,-,2019
90973596,1,1,Y,F,28,A,-,N,L,G,Y,-,3,-,-,"- ",,,N,-,0,0,B,2015,TOYT,A,01,,O,,-,-,2019
90973596,2,1,N,M,34,A,-,N,M,G,Y,-,3,-,-,"- ",,,N,-,0,1,B,2002,TOYOTA,A,07,,O,,-,-,2019
90973596,3,1,N,M,46,A,-,N,M,G,Y,-,3,-,-,"- ",,,N,-,0,0,B,2016,BMW,A,07,,A,,-,-,2019
91057109,1,1,Y,M,38,A,-,N,L,G,N,-,3,-,-,"- ",,,N,-,0,1,R,2007,MAZDA,A,01,,H,,-,-,2019
91145832,1,1,Y,M,17,A,-,S,L,G,Y,-,3,-,-,"- ",,,N,-,0,1,B,2014,VOLK,A,01,,H,,-,-,2019
91145832,2,1,N,F,22,A,-,S,M,G,Y,-,3,-,-,"- ",,,N,-,0,0,B,2017,MERZ,A,07,,W,,-,-,2019
91145832,3,1,N,M,28,A,-,S,M,G,Y,-,3,-,-,"- ",,,N,-,0,0,B,2014,TOYT,D,22,,W,,-,-,2019
91145832,4,1,N,M,47,A,-,S,M,G,N,-,3,-,-,"- ",,,N,-,0,0,B,2000,FORD,D,22,,H,,-,-,2019
91147465,1,1,Y,F,41,A,-,N,L,G,Y,-,3,-,-,"- ",,,N,-,0,0,B,2017,SUBA,A,01,,W,,-,-,2019
91147465,2,1,N,M,53,A,-,N,M,G,Y,-,3,-,-,"- ",,,N,-,0,1,H,2015,NISSAN,A,01,,A,,-,-,2019
91147465,3,1,N,M,49,A,-,N,M,G,Y,-,3,-,-,"- ",,,N,-,0,0,A,2018,RAM,D,22,,W,,-,-,2019
