CASE_ID,PARTY_NUMBER,VICTIM_NUMBER,VICTIM_ROLE,VICTIM_SEX,VICTIM_AGE,VICTIM_DEGREE_OF_INJURY,VICTIM_SEATING_POSITION,VICTIM_SAFETY_EQUIP_1,VICTIM_SAFETY_EQUIP_2,VICTIM_EJECTED,COUNTY,CITY,ACCIDENT_YEAR
6293005,1,1,1,M,57,1,1,L,B,0,"SANTA CLARA","LOS ALTOS",2016
6787125,2,1,1,F,42,3,1,M,G,0,"SANTA CLARA","LOS ALTOS",2015
6790064,1,1,2,F,79,0,3,M,F,0,"SANTA CLARA","LOS ALTOS",2015
6790064,2,1,1,F,58,4,1,G,-,0,"SANTA CLARA","LOS ALTOS",2015
6808775,1,1,4,F,62,4,1,P,V,0,"SANTA CLARA","LOS ALTOS",2015
6809978,1,1,2,F,52,2,3,P,G,0,"SANTA CLARA","LOS ALTOS",2015
6809978,1,2,1,M,57,4,1,P,G,0,"SANTA CLARA","LOS ALTOS",2015
6809978,2,1,1,M,38,2,1,P,G,0,"SANTA CLARA","LOS ALTOS",2015
6812074,1,1,4,M,36,3,9,-,-,3,"SANTA CLARA","LOS ALTOS",2015
6830412,2,1,4,M,61,2,1,N,V,1,"SANTA CLARA","LOS ALTOS",2015
6830630,1,1,4,M,51,3,1,P,W,0,"SANTA CLARA","LOS ALTOS",2015
6835020,2,1,1,M,56,3,1,L,G,0,"SANTA CLARA","LOS ALTOS",2015
6835021,2,1,1,F,43,4,1,M,G,0,"SANTA CLARA","LOS ALTOS",2015
6837599,2,1,3,F,53,3,9,N,-,0,"SANTA CLARA","LOS ALTOS",2015
6837849,2,1,1,M,68,4,1,L,G,0,"SANTA CLARA","LOS ALTOS",2015
6852138,1,1,2,F,33,3,3,L,G,0,"SANTA CLARA","LOS ALTOS",2015
6852138,1,2,1,M,28,3,1,L,G,0,"SANTA CLARA","LOS ALTOS",2015
6860498,2,1,1,F,50,4,1,M,G,0,"SANTA CLARA","LOS ALTOS",2015
6860502,2,1,4,M,54,4,1,P,W,1,"SANTA CLARA","LOS ALTOS",2015
6860518,1,1,1,F,22,4,1,L,G,0,"SANTA CLARA","LOS ALTOS",2015
6860518,2,1,1,M,35,4,1,M,G,0,"SANTA CLARA","LOS ALTOS",2015
6861025,1,1,1,F,81,3,1,M,G,0,"SANTA CLARA","LOS ALTOS",2015
6866330,1,1,2,M,8,4,3,L,G,0,"SANTA CLARA","LOS ALTOS",2015
6866330,1,2,2,M,6,3,6,M,G,0,"SANTA CLARA","LOS ALTOS",2015
6866330,1,3,1,F,65,4,1,L,G,0,"SANTA CLARA","LOS ALTOS",2015
6875601,1,1,1,M,17,3,1,M,J,0,"SANTA CLARA","LOS ALTOS",2015
6875617,1,1,1,F,46,4,1,M,G,0,"SANTA CLARA","LOS ALTOS",2015
6888764,1,1,4,F,47,3,1,P,W,3,"SANTA CLARA","LOS ALTOS",2015
6888764,2,1,4,M,47,2,1,P,W,3,"SANTA CLARA","LOS ALTOS",2015
6907284,1,1,2,M,998,0,3,-,B,0,"SANTA CLARA","LOS ALTOS",2015
6907284,2,1,4,M,60,3,1,-,W,0,"SANTA CLARA","LOS ALTOS",2015
6907288,2,1,1,F,57,4,1,M,G,0,"SANTA CLARA","LOS ALTOS",2015
6907308,2,1,1,M,17,3,1,L,G,0,"SANTA CLARA","LOS ALTOS",2015
6907308,2,2,2,M,18,0,3,L,G,0,"SANTA CLARA","LOS ALTOS",2015
6907312,1,1,4,F,13,4,1,P,W,0,"SANTA CLARA","LOS ALTOS",2015
6907316,2,1,2,M,2,0,4,P,Q,0,"SANTA CLARA","LOS ALTOS",2015
6907316,2,2,1,F,34,4,1,M,J,0,"SANTA CLARA","LOS ALTOS",2015
6908881,1,1,1,F,17,3,1,M,G,0,"SANTA CLARA","LOS ALTOS",2015
6914256,1,1,2,F,998,3,3,L,G,0,"SANTA CLARA","LOS ALTOS",2015
6924788,2,1,4,M,10,3,9,-,-,3,"SANTA CLARA","LOS ALTOS",2015
6924796,2,1,4,F,47,3,1,P,W,0,"SANTA CLARA","LOS ALTOS",2015
6924812,2,1,2,F,9,4,4,M,G,3,"SANTA CLARA","LOS ALTOS",2015
6924812,2,2,2,F,6,0,6,M,G,3,"SANTA CLARA","LOS ALTOS",2015
6924816,2,1,1,M,19,3,1,P,W,1,"SANTA CLARA","LOS ALTOS",2015
6924824,1,1,2,F,22,4,3,L,-,0,"SANTA CLARA","LOS ALTOS",2015
6924824,2,1,2,M,0,0,5,P,-,0,"SANTA CLARA","LOS ALTOS",2015
6927781,1,1,1,M,66,3,1,L,J,0,"SANTA CLARA","LOS ALTOS",2015
6935367,1,1,1,F,47,3,1,L,G,0,"SANTA CLARA","LOS ALTOS",2015
6935367,1,2,2,M,998,4,3,L,G,0,"SANTA CLARA","LOS ALTOS",2015
6935367,1,3,2,F,998,4,4,P,G,0,"SANTA CLARA","LOS ALTOS",2015
6935367,1,4,2,M,8,0,6,L,G,0,"SANTA CLARA","LOS ALTOS",2015
6935367,2,1,1,F,36,3,1,M,G,0,"SANTA CLARA","LOS ALTOS",2015
6937716,1,1,1,F,23,3,1,L,G,0,"SANTA CLARA","LOS ALTOS",2015
6953168,1,1,2,F,76,0,3,M,-,0,"SANTA CLARA","LOS ALTOS",2015
6953168,2,1,1,F,19,4,1,M,-,0,"SANTA CLARA","LOS ALTOS",2015
6953169,1,1,3,F,77,4,9,-,-,3,"SANTA CLARA","LOS ALTOS",2015
6953169,2,1,4,M,64,3,1,P,W,3,"SANTA CLARA","LOS ALTOS",2015
6962209,1,1,4,F,61,3,1,P,W,1,"SANTA CLARA","LOS ALTOS",2015
6964395,2,1,4,M,35,3,1,P,W,1,"SANTA CLARA","LOS ALTOS",2015
6964396,2,1,1,F,75,3,1,M,G,0,"SANTA CLARA","LOS ALTOS",2015
6994615,1,1,1,M,55,3,1,L,G,0,"SANTA CLARA","LOS ALTOS",2015
7008319,1,1,2,M,60,0,3,M,G,0,"SANTA CLARA","LOS ALTOS",2015
7008319,2,1,1,M,48,3,1,L,G,0,"SANTA CLARA","LOS ALTOS",2015
7008413,1,1,2,M,28,4,3,L,G,0,"SANTA CLARA","LOS ALTOS",2015
7008413,1,2,1,F,27,3,1,L,G,0,"SANTA CLARA","LOS ALTOS",2015
7013931,1,1,4,M,62,4,1,P,W,1,"SANTA CLARA","LOS ALTOS",2015
7028056,1,1,1,F,51,4,1,M,G,0,"SANTA CLARA","LOS ALTOS",2015
7028210,1,1,1,M,57,4,1,M,G,0,"SANTA CLARA","LOS ALTOS",2015
7028210,2,1,1,F,53,4,1,M,G,0,"SANTA CLARA","LOS ALTOS",2015
7028210,2,2,2,F,58,0,3,M,G,0,"SANTA CLARA","LOS ALTOS",2015
7028214,1,1,1,M,51,4,1,M,J,0,"SANTA CLARA","LOS ALTOS",2015
7028214,2,1,1,F,84,4,1,M,J,0,"SANTA CLARA","LOS ALTOS",2015
7028218,2,1,3,F,65,3,0,P,-,0,"SANTA CLARA","LOS ALTOS",2015
7028222,2,1,3,F,36,3,9,P,-,0,"SANTA CLARA","LOS ALTOS",2015
7028222,3,1,3,M,2,4,9,P,-,0,"SANTA CLARA","LOS ALTOS",2015
7028226,1,1,2,F,14,0,3,M,G,0,"SANTA CLARA","LOS ALTOS",2015
7028226,2,1,3,F,95,4,9,P,-,0,"SANTA CLARA","LOS ALTOS",2015
7044027,1,1,2,M,16,0,3,J,-,0,"SANTA CLARA","LOS ALTOS",2015
7044027,1,2,2,M,16,0,7,J,-,0,"SANTA CLARA","LOS ALTOS",2015
7044027,2,1,1,M,57,4,1,J,-,0,"SANTA CLARA","LOS ALTOS",2015
7044027,3,1,2,M,18,0,3,J,-,0,"SANTA CLARA","LOS ALTOS",2015
7044031,1,1,1,M,60,4,1,M,G,0,"SANTA CLARA","LOS ALTOS",2015
7047925,2,1,2,F,14,0,3,M,G,0,"SANTA CLARA","LOS ALTOS",2015
7047925,2,2,1,F,49,4,1,M,G,0,"SANTA CLARA","LOS ALTOS",2015
7067593,1,1,1,M,64,4,1,J,-,0,"SANTA CLARA","LOS ALTOS",2015
7067594,2,1,1,F,49,4,1,M,G,0,"SANTA CLARA","LOS ALTOS",2015
7078620,1,1,1,F,39,3,1,L,G,0,"SANTA CLARA","LOS ALTOS",2015
7078620,2,1,1,F,45,4,1,M,G,0,"SANTA CLARA","LOS ALTOS",2015
7078669,2,1,4,F,16,4,9,-,-,3,"SANTA CLARA","LOS ALTOS",2015
7094872,1,1,4,M,13,3,1,P,W,0,"SANTA CLARA","LOS ALTOS",2015
7105386,1,1,4,M,61,3,1,N,W,0,"SANTA CLARA","LOS ALTOS",2015
7107087,1,1,1,F,42,4,1,M,G,0,"SANTA CLARA","LOS ALTOS",2015
7124464,1,1,1,M,33,4,1,M,B,0,"SANTA CLARA","LOS ALTOS",2015
7124630,1,1,2,M,48,0,3,M,G,0,"SANTA CLARA","LOS ALTOS",2015
7124630,2,1,4,M,46,4,1,P,V,0,"SANTA CLARA","LOS ALTOS",2015
7125686,2,1,3,F,83,4,9,-,-,3,"SANTA CLARA","LOS ALTOS",2015
7125690,1,1,1,F,61,4,1,M,G,0,"SANTA CLARA","LOS ALTOS",2015
7125717,1,1,1,F,91,4,1,M,G,0,"SANTA CLARA","LOS ALTOS",2015
7140178,1,1,1,M,18,3,1,L,B,0,"SANTA CLARA","LOS ALTOS",2015
7140178,1,2,2,F,27,3,3,L,G,0,"SANTA CLARA","LOS ALTOS",2015
7141859,1,1,1,M,34,3,1,M,J,0,"SANTA CLARA","LOS ALTOS",2015
7141859,2,1,2,M,41,4,6,M,H,0,"SANTA CLARA","LOS ALTOS",2015
7141859,2,2,1,M,31,4,1,M,J,0,"SANTA CLARA","LOS ALTOS",2015
7141863,2,1,1,F,64,4,1,M,J,0,"SANTA CLARA","LOS ALTOS",2015
7147857,1,1,2,F,60,0,3,M,G,0,"SANTA CLARA","LOS ALTOS",2015
7147857,2,1,1,F,42,4,1,M,G,0,"SANTA CLARA","LOS ALTOS",2015
7147906,1,1,1,F,18,3,1,L,G,0,"SANTA CLARA","LOS ALTOS",2015
7148654,1,1,1,F,40,3,1,L,G,0,"SANTA CLARA","LOS ALTOS",2016
7148654,2,1,2,M,70,3,3,M,G,0,"SANTA CLARA","LOS ALTOS",2016
7148654,2,2,2,M,26,4,6,M,J,0,"SANTA CLARA","LOS ALTOS",2016
7157625,1,1,4,M,72,3,1,-,W,1,"SANTA CLARA","LOS ALTOS",2015
7157682,1,1,4,M,15,4,1,P,W,0,"SANTA CLARA","LOS ALTOS",2016
7166280,1,1,1,F,61,4,1,L,G,0,"SANTA CLARA","LOS ALTOS",2016
7166280,2,1,1,F,43,4,1,M,G,0,"SANTA CLARA","LOS ALTOS",2016
7166280,2,2,2,F,8,0,4,M,Q,0,"SANTA CLARA","LOS ALTOS",2016
7178348,2,1,1,F,27,4,1,M,G,0,"SANTA CLARA","LOS ALTOS",2016
7192668,1,1,1,M,24,4,1,L,G,0,"SANTA CLARA","LOS ALTOS",2016
7192668,2,1,1,F,56,4,1,L,G,0,"SANTA CLARA","LOS ALTOS",2016
7192758,2,1,4,F,35,3,1,P,W,1,"SANTA CLARA","LOS ALTOS",2016
7192762,1,1,1,F,62,4,1,M,G,0,"SANTA CLARA","LOS ALTOS",2016
7201304,1,1,1,F,47,4,1,L,G,0,"SANTA CLARA","LOS ALTOS",2016
7201304,2,1,1,M,34,4,1,L,G,0,"SANTA CLARA","LOS ALTOS",2016
8000487,1,1,2,M,48,4,0,P,B,0,"SANTA CLARA","LOS ALTOS",2016
8000612,1,1,2,F,15,0,6,M,G,0,"SANTA CLARA","LOS ALTOS",2016
8000612,2,1,1,M,56,4,1,L,G,0,"SANTA CLARA","LOS ALTOS",2016
8011640,2,1,1,M,59,4,1,M,G,0,"SANTA CLARA","LOS ALTOS",2016
8011644,1,1,4,M,54,2,9,P,W,3,"SANTA CLARA","LOS ALTOS",2016
8012683,2,1,1,F,35,4,1,M,G,0,"SANTA CLARA","LOS ALTOS",2016
8012686,1,1,1,F,26,4,1,L,G,0,"SANTA CLARA","LOS ALTOS",2016
8012695,2,1,1,M,27,4,1,M,G,0,"SANTA CLARA","LOS ALTOS",2016
8017299,1,1,4,M,67,3,1,W,-,1,"SANTA CLARA","LOS ALTOS",2016
8030217,1,1,1,M,27,3,1,M,G,0,"SANTA CLARA","LOS ALTOS",2016
8030217,2,1,1,F,57,4,1,M,G,0,"SANTA CLARA","LOS ALTOS",2016
8030217,2,2,2,F,84,4,2,M,G,0,"SANTA CLARA","LOS ALTOS",2016
8037599,1,1,4,M,41,2,1,U,W,3,"SANTA CLARA","LOS ALTOS",2016
8040697,1,1,1,M,44,4,1,L,G,0,"SANTA CLARA","LOS ALTOS",2016
8041064,1,1,4,M,13,3,1,P,W,1,"SANTA CLARA","LOS ALTOS",2016
8041064,2,1,2,M,6,0,4,M,Q,0,"SANTA CLARA","LOS ALTOS",2016
8048398,2,1,3,M,58,3,9,-,-,0,"SANTA CLARA","LOS ALTOS",2016
8051094,2,1,1,F,43,4,1,M,G,0,"SANTA CLARA","LOS ALTOS",2016
8051094,2,2,2,M,16,4,3,M,G,0,"SANTA CLARA","LOS ALTOS",2016
8051094,3,1,1,M,50,4,1,M,G,0,"SANTA CLARA","LOS ALTOS",2016
8051094,4,1,1,M,60,4,1,M,G,0,"SANTA CLARA","LOS ALTOS",2016
8051094,4,2,2,F,46,4,3,M,G,0,"SANTA CLARA","LOS ALTOS",2016
8051206,1,1,1,F,34,4,1,L,J,0,"SANTA CLARA","LOS ALTOS",2016
8051206,2,1,2,M,6,0,4,L,Q,0,"SANTA CLARA","LOS ALTOS",2016
8051206,2,2,1,M,59,4,1,L,J,0,"SANTA CLARA","LOS ALTOS",2016
8065705,1,1,3,M,50,4,9,-,-,3,"SANTA CLARA","LOS ALTOS",2016
8065709,1,1,1,F,55,4,1,L,G,0,"SANTA CLARA","LOS ALTOS",2016
8065709,2,1,1,F,74,4,1,M,G,0,"SANTA CLARA","LOS ALTOS",2016
8065761,1,1,4,F,34,3,1,P,W,2,"SANTA CLARA","LOS ALTOS",2016
8065805,3,1,1,M,67,4,1,L,G,0,"SANTA CLARA","LOS ALTOS",2016
8072464,2,1,3,F,40,2,9,-,-,3,"SANTA CLARA","LOS ALTOS",2016
8072468,1,1,2,F,84,4,3,M,G,0,"SANTA CLARA","LOS ALTOS",2016
8072468,2,1,2,M,20,0,3,M,G,0,"SANTA CLARA","LOS ALTOS",2016
8078220,1,1,1,F,17,3,1,L,G,0,"SANTA CLARA","LOS ALTOS",2016
8078220,2,1,1,M,56,3,1,L,G,0,"SANTA CLARA","LOS ALTOS",2016
8091480,1,1,1,F,32,4,1,M,G,0,"SANTA CLARA","LOS ALTOS",2016
8091556,2,1,4,F,10,3,0,P,W,0,"SANTA CLARA","LOS ALTOS",2016
8091841,1,1,4,M,16,3,1,P,W,1,"SANTA CLARA","LOS ALTOS",2016
8091845,2,1,1,F,51,4,1,M,G,0,"SANTA CLARA","LOS ALTOS",2016
8091854,2,1,1,F,50,4,1,M,G,0,"SANTA CLARA","LOS ALTOS",2016
8091858,1,1,1,M,32,4,1,M,G,0,"SANTA CLARA","LOS ALTOS",2016
8091858,2,1,1,M,56,4,1,M,G,0,"SANTA CLARA","LOS ALTOS",2016
8091862,1,1,1,F,76,4,1,L,G,0,"SANTA CLARA","LOS ALTOS",2016
8104056,2,1,1,F,53,4,1,M,G,0,"SANTA CLARA","LOS ALTOS",2016
8104109,1,1,4,M,64,4,1,P,W,1,"SANTA CLARA","LOS ALTOS",2016
8104113,2,1,1,F,50,3,1,P,W,1,"SANTA CLARA","LOS ALTOS",2016
8106074,3,1,1,-,45,4,1,M,G,0,"SANTA CLARA","LOS ALTOS",2016
8106074,3,2,2,M,10,0,4,M,G,0,"SANTA CLARA","LOS ALTOS",2016
8106078,1,1,1,M,43,4,1,L,G,0,"SANTA CLARA","LOS ALTOS",2016
8106078,1,2,2,M,8,4,4,P,Q,0,"SANTA CLARA","LOS ALTOS",2016
8106078,1,3,2,M,5,4,6,P,Q,0,"SANTA CLARA","LOS ALTOS",2016
8106078,2,1,1,M,60,4,1,M,G,0,"SANTA CLARA","LOS ALTOS",2016
8106078,3,1,1,M,53,4,1,M,G,0,"SANTA CLARA","LOS ALTOS",2016
8110902,2,1,1,F,34,4,1,M,G,0,"SANTA CLARA","LOS ALTOS",2016
8121044,2,1,3,F,41,4,0,P,-,0,"SANTA CLARA","LOS ALTOS",2016
8126485,1,1,4,M,53,2,1,P,W,3,"SANTA CLARA","LOS ALTOS",2016
8134037,1,1,1,F,96,3,1,M,G,0,"SANTA CLARA","LOS ALTOS",2016
8134041,2,1,2,F,8,4,6,L,J,0,"SANTA CLARA","LOS ALTOS",2016
8134041,2,2,2,M,3,4,4,L,Q,0,"SANTA CLARA","LOS ALTOS",2016
8134045,1,1,4,M,71,3,1,P,V,1,"SANTA CLARA","LOS ALTOS",2016
8134049,1,1,4,M,28,3,1,P,W,1,"SANTA CLARA","LOS ALTOS",2016
8152615,1,1,1,M,26,3,1,P,W,0,"SANTA CLARA","LOS ALTOS",2016
8152755,1,1,1,F,18,4,1,L,G,0,"SANTA CLARA","LOS ALTOS",2016
8152759,2,1,1,F,23,4,1,M,G,0,"SANTA CLARA","LOS ALTOS",2016
8156374,2,1,4,M,75,3,1,P,W,1,"SANTA CLARA","LOS ALTOS",2016
8160269,2,1,1,F,26,4,1,-,G,0,"SANTA CLARA","LOS ALTOS",2016
8174947,1,1,1,F,28,4,1,G,-,0,"SANTA CLARA","LOS ALTOS",2016
8174947,2,1,1,M,47,4,1,G,-,0,"SANTA CLARA","LOS ALTOS",2016
8174947,2,2,2,F,9,4,3,G,-,0,"SANTA CLARA","LOS ALTOS",2016
8174951,2,1,4,M,16,3,1,V,-,0,"SANTA CLARA","LOS ALTOS",2016
8174955,1,1,2,M,11,0,3,M,G,0,"SANTA CLARA","LOS ALTOS",2016
8174955,1,2,2,M,8,0,6,M,G,0,"SANTA CLARA","LOS ALTOS",2016
8174955,1,3,2,F,10,0,7,M,G,0,"SANTA CLARA","LOS ALTOS",2016
8174955,1,4,2,F,10,0,7,M,G,0,"SANTA CLARA","LOS ALTOS",2016
8174955,2,1,4,M,62,3,1,P,W,0,"SANTA CLARA","LOS ALTOS",2016
8187377,2,1,1,F,53,4,1,G,-,0,"SANTA CLARA","LOS ALTOS",2016
8187916,1,1,4,F,11,3,0,W,-,0,"SANTA CLARA","LOS ALTOS",2016
8187916,2,1,2,M,74,0,3,G,-,3,"SANTA CLARA","LOS ALTOS",2016
8189101,1,1,1,F,80,4,1,-,J,0,"SANTA CLARA","LOS ALTOS",2016
8189101,2,1,4,M,47,3,1,-,W,1,"SANTA CLARA","LOS ALTOS",2016
8194401,1,1,2,M,35,0,9,-,-,3,"SANTA CLARA","LOS ALTOS",2016
8194401,1,2,2,F,45,0,9,-,-,3,"SANTA CLARA","LOS ALTOS",2016
8194401,1,3,2,M,61,0,9,-,-,3,"SANTA CLARA","LOS ALTOS",2016
8194401,1,4,2,F,66,0,9,-,-,3,"SANTA CLARA","LOS ALTOS",2016
8194401,1,5,2,F,53,0,9,-,-,3,"SANTA CLARA","LOS ALTOS",2016
8194401,1,6,2,F,63,0,9,-,-,3,"SANTA CLARA","LOS ALTOS",2016
8194401,1,7,2,M,51,0,9,-,-,3,"SANTA CLARA","LOS ALTOS",2016
8194401,1,8,2,M,998,0,9,-,-,3,"SANTA CLARA","LOS ALTOS",2016
8194401,1,9,2,M,998,0,9,-,-,3,"SANTA CLARA","LOS ALTOS",2016
8194401,1,10,2,M,18,0,9,-,-,3,"SANTA CLARA","LOS ALTOS",2016
8194401,1,11,2,F,19,0,9,-,-,3,"SANTA CLARA","LOS ALTOS",2016
8194401,1,12,2,-,998,0,9,-,-,3,"SANTA CLARA","LOS ALTOS",2016
8194401,1,13,2,-,998,0,9,-,-,3,"SANTA CLARA","LOS ALTOS",2016
8194401,2,1,3,M,24,4,9,-,-,1,"SANTA CLARA","LOS ALTOS",2016
8282016,1,1,1,M,26,4,1,M,J,0,"SANTA CLARA","LOS ALTOS",2017
8282016,2,1,1,F,49,4,1,L,J,0,"SANTA CLARA","LOS ALTOS",2017
8282016,2,2,2,F,15,4,6,M,J,0,"SANTA CLARA","LOS ALTOS",2017
8282024,2,1,3,F,24,4,9,-,-,3,"SANTA CLARA","LOS ALTOS",2017
8290192,2,1,1,F,30,4,1,M,J,0,"SANTA CLARA","LOS ALTOS",2017
8290192,3,1,1,F,25,4,1,M,J,0,"SANTA CLARA","LOS ALTOS",2017
8298170,1,1,4,M,61,3,9,-,W,0,"SANTA CLARA","LOS ALTOS",2017
8298344,1,1,1,-,24,3,1,M,G,0,"SANTA CLARA","LOS ALTOS",2017
8312378,1,1,1,M,27,4,1,M,J,0,"SANTA CLARA","LOS ALTOS",2017
8315592,2,1,1,F,55,4,1,M,J,0,"SANTA CLARA","LOS ALTOS",2017
8315947,1,1,1,M,22,4,1,L,G,0,"SANTA CLARA","LOS ALTOS",2017
8315979,1,1,4,F,14,2,1,P,W,1,"SANTA CLARA","LOS ALTOS",2017
8315983,2,1,3,M,21,3,1,P,V,1,"SANTA CLARA","LOS ALTOS",2017
8325828,1,1,2,F,17,4,3,L,G,0,"SANTA CLARA","LOS ALTOS",2017
8332919,2,1,4,F,15,3,9,P,W,0,"SANTA CLARA","LOS ALTOS",2017
8334954,1,1,5,F,27,4,1,H,-,3,"SANTA CLARA","LOS ALTOS",2017
8337324,1,1,2,F,62,0,2,M,J,0,"SANTA CLARA","LOS ALTOS",2017
8337324,2,1,3,M,53,4,0,P,-,0,"SANTA CLARA","LOS ALTOS",2017
8337324,3,1,3,F,48,4,0,P,-,0,"SANTA CLARA","LOS ALTOS",2017
8337332,2,1,2,F,89,4,2,L,G,0,"SANTA CLARA","LOS ALTOS",2017
8341999,3,1,1,F,59,4,1,M,G,0,"SANTA CLARA","LOS ALTOS",2017
8348867,1,1,4,M,52,3,1,P,W,2,"SANTA CLARA","LOS ALTOS",2017
8349534,1,1,4,M,65,3,1,P,V,1,"SANTA CLARA","LOS ALTOS",2017
8349538,1,1,4,M,24,3,1,P,A,0,"SANTA CLARA","LOS ALTOS",2017
8349542,1,1,1,M,29,3,1,M,J,0,"SANTA CLARA","LOS ALTOS",2017
8349542,2,1,1,M,38,3,1,L,J,0,"SANTA CLARA","LOS ALTOS",2017
8358651,1,1,1,F,21,3,1,L,G,0,"SANTA CLARA","LOS ALTOS",2017
8358651,2,1,2,M,25,0,2,L,G,0,"SANTA CLARA","LOS ALTOS",2017
8362428,1,1,2,M,37,0,3,L,G,0,"SANTA CLARA","LOS ALTOS",2017
8362428,2,1,1,F,44,3,1,L,G,0,"SANTA CLARA","LOS ALTOS",2017
8364835,2,1,2,M,10,3,7,M,G,0,"SANTA CLARA","LOS ALTOS",2017
8364835,2,2,2,M,7,0,7,M,G,0,"SANTA CLARA","LOS ALTOS",2017
8364835,2,3,2,M,1,0,7,M,G,0,"SANTA CLARA","LOS ALTOS",2017
8364835,2,4,2,M,12,0,3,M,G,0,"SANTA CLARA","LOS ALTOS",2017
8364839,2,1,1,F,41,4,1,L,G,0,"SANTA CLARA","LOS ALTOS",2017
8364843,2,1,1,F,52,4,1,M,G,3,"SANTA CLARA","LOS ALTOS",2017
8364843,2,2,2,M,17,0,3,M,G,3,"SANTA CLARA","LOS ALTOS",2017
8370115,2,1,1,M,42,4,1,M,J,0,"SANTA CLARA","LOS ALTOS",2017
8370153,2,1,4,M,45,4,1,P,-,0,"SANTA CLARA","LOS ALTOS",2017
8371250,2,1,4,M,11,3,1,P,W,0,"SANTA CLARA","LOS ALTOS",2017
8371798,2,1,1,F,30,3,1,M,G,0,"SANTA CLARA","LOS ALTOS",2017
8374021,1,1,2,F,52,0,3,L,G,0,"SANTA CLARA","LOS ALTOS",2017
8374021,2,1,1,F,62,4,1,L,G,0,"SANTA CLARA","LOS ALTOS",2017
8374025,1,1,2,F,18,4,3,L,G,0,"SANTA CLARA","LOS ALTOS",2017
8374025,1,2,1,F,48,4,1,L,G,0,"SANTA CLARA","LOS ALTOS",2017
8374025,2,1,1,F,46,4,1,L,G,0,"SANTA CLARA","LOS ALTOS",2017
8376483,2,1,1,M,40,3,1,P,W,1,"SANTA CLARA","LOS ALTOS",2017
8376558,2,1,4,M,15,3,1,P,W,0,"SANTA CLARA","LOS ALTOS",2017
8387573,1,1,4,M,15,3,1,P,W,1,"SANTA CLARA","LOS ALTOS",2017
8387577,1,1,1,M,18,3,1,L,G,0,"SANTA CLARA","LOS ALTOS",2017
8387577,1,2,2,F,17,0,3,M,G,0,"SANTA CLARA","LOS ALTOS",2017
8389662,2,1,1,M,51,4,1,M,G,0,"SANTA CLARA","LOS ALTOS",2017
8400013,1,1,1,M,42,4,1,N,G,0,"SANTA CLARA","LOS ALTOS",2017
8400013,2,1,1,M,26,4,1,L,G,0,"SANTA CLARA","LOS ALTOS",2017
8401395,2,1,3,F,56,2,9,P,-,0,"SANTA CLARA","LOS ALTOS",2017
8401462,2,1,1,M,22,4,1,M,G,0,"SANTA CLARA","LOS ALTOS",2017
8401462,2,2,2,M,998,4,3,M,G,0,"SANTA CLARA","LOS ALTOS",2017
8408486,1,1,2,F,53,0,3,M,G,0,"SANTA CLARA","LOS ALTOS",2017
8408486,2,1,4,M,35,3,1,P,W,1,"SANTA CLARA","LOS ALTOS",2017
8408490,1,1,1,F,72,4,1,M,G,0,"SANTA CLARA","LOS ALTOS",2017
8408490,2,1,1,M,17,4,1,M,G,0,"SANTA CLARA","LOS ALTOS",2017
8408706,2,1,1,M,79,3,1,P,A,1,"SANTA CLARA","LOS ALTOS",2017
8411373,2,1,2,F,75,4,1,M,J,0,"SANTA CLARA","LOS ALTOS",2017
8424885,1,1,1,M,40,4,1,M,G,0,"SANTA CLARA","LOS ALTOS",2017
8429454,2,1,1,F,55,4,1,M,G,0,"SANTA CLARA","LOS ALTOS",2017
8437286,1,1,4,-,53,4,9,-,-,3,"SANTA CLARA","LOS ALTOS",2017
8437310,1,1,2,F,92,0,3,M,G,0,"SANTA CLARA","LOS ALTOS",2017
8437310,2,1,1,M,69,4,1,M,G,0,"SANTA CLARA","LOS ALTOS",2017
8437346,1,1,4,F,11,3,9,-,W,3,"SANTA CLARA","LOS ALTOS",2017
8437350,1,1,3,F,35,3,0,P,-,1,"SANTA CLARA","LOS ALTOS",2017
8437411,1,1,2,M,24,2,2,L,G,3,"SANTA CLARA","LOS ALTOS",2017
8437411,1,2,1,F,22,4,9,-,-,3,"SANTA CLARA","LOS ALTOS",2017
8438954,2,1,2,F,23,3,3,M,G,0,"SANTA CLARA","LOS ALTOS",2017
8438954,3,1,2,M,998,0,3,M,G,0,"SANTA CLARA","LOS ALTOS",2017
8438954,3,2,2,-,998,0,6,M,G,0,"SANTA CLARA","LOS ALTOS",2017
8439167,1,1,1,F,37,4,1,-,G,0,"SANTA CLARA","LOS ALTOS",2017
8439167,1,2,2,M,11,0,2,-,G,0,"SANTA CLARA","LOS ALTOS",2017
8439171,2,1,4,F,27,4,1,P,W,0,"SANTA CLARA","LOS ALTOS",2017
8439175,2,1,4,M,62,3,1,P,W,1,"SANTA CLARA","LOS ALTOS",2017
8440527,1,1,1,F,76,3,1,M,G,0,"SANTA CLARA","LOS ALTOS",2017
8441142,2,1,3,M,29,4,9,-,-,3,"SANTA CLARA","LOS ALTOS",2017
8445506,2,1,1,F,78,4,1,L,G,0,"SANTA CLARA","LOS ALTOS",2017
8458769,2,1,1,M,23,3,1,L,G,0,"SANTA CLARA","LOS ALTOS",2017
8458773,1,1,1,M,30,4,1,M,G,0,"SANTA CLARA","LOS ALTOS",2017
8458773,1,2,2,F,28,4,3,M,G,0,"SANTA CLARA","LOS ALTOS",2017
8465988,1,1,2,M,15,0,3,M,G,0,"SANTA CLARA","LOS ALTOS",2019
8465988,2,1,4,M,67,1,1,P,W,1,"SANTA CLARA","LOS ALTOS",2019
8466046,2,1,1,F,29,4,1,M,G,0,"SANTA CLARA","LOS ALTOS",2019
8473302,1,1,4,M,14,3,0,W,-,2,"SANTA CLARA","LOS ALTOS",2017
8473306,2,1,1,F,50,4,1,L,G,0,"SANTA CLARA","LOS ALTOS",2017
8481564,1,1,4,M,13,3,1,P,W,0,"SANTA CLARA","LOS ALTOS",2017
8481588,1,1,1,M,40,3,1,L,G,0,"SANTA CLARA","LOS ALTOS",2017
8481588,1,2,2,M,67,0,3,L,G,0,"SANTA CLARA","LOS ALTOS",2017
8481963,2,1,4,F,42,3,1,P,W,0,"SANTA CLARA","LOS ALTOS",2017
8481967,1,1,4,M,12,4,1,P,W,1,"SANTA CLARA","LOS ALTOS",2017
8490184,1,1,1,F,37,4,1,M,G,0,"SANTA CLARA","LOS ALTOS",2017
8490184,1,2,2,F,3,0,4,P,G,3,"SANTA CLARA","LOS ALTOS",2017
8490184,1,3,2,M,6,0,9,P,G,3,"SANTA CLARA","LOS ALTOS",2017
8512024,2,1,1,F,33,4,1,M,G,0,"SANTA CLARA","LOS ALTOS",2017
8512024,2,2,2,M,33,4,3,M,G,0,"SANTA CLARA","LOS ALTOS",2017
8514249,2,1,4,M,11,3,1,P,W,1,"SANTA CLARA","LOS ALTOS",2017
8517894,1,1,1,F,38,4,1,L,G,0,"SANTA CLARA","LOS ALTOS",2017
8517894,2,1,1,F,27,4,1,M,G,0,"SANTA CLARA","LOS ALTOS",2017
8517894,2,2,2,M,27,4,3,M,G,0,"SANTA CLARA","LOS ALTOS",2017
8518420,2,1,1,M,57,2,1,P,W,1,"SANTA CLARA","LOS ALTOS",2017
8518424,2,1,1,M,68,4,1,G,-,0,"SANTA CLARA","LOS ALTOS",2017
8518424,2,2,2,M,25,0,3,G,-,0,"SANTA CLARA","LOS ALTOS",2017
8518459,1,1,4,M,15,3,1,P,W,1,"SANTA CLARA","LOS ALTOS",2017
8524326,2,1,3,F,31,3,9,-,-,3,"SANTA CLARA","LOS ALTOS",2017
8524330,1,1,1,F,81,3,1,M,G,0,"SANTA CLARA","LOS ALTOS",2017
8526146,2,1,2,M,44,4,3,G,-,3,"SANTA CLARA","LOS ALTOS",2017
8526146,2,2,2,M,57,4,6,G,-,3,"SANTA CLARA","LOS ALTOS",2017
8537146,1,1,4,M,16,3,1,-,W,1,"SANTA CLARA","LOS ALTOS",2018
8537150,2,1,3,M,21,3,0,P,-,0,"SANTA CLARA","LOS ALTOS",2018
8546242,1,1,1,F,35,4,1,M,G,0,"SANTA CLARA","LOS ALTOS",2018
8546429,1,1,2,F,63,4,3,L,G,0,"SANTA CLARA","LOS ALTOS",2018
8546429,1,2,1,M,66,4,1,L,G,0,"SANTA CLARA","LOS ALTOS",2018
8546429,2,1,1,M,26,4,1,M,G,0,"SANTA CLARA","LOS ALTOS",2018
8554054,2,1,1,M,40,4,1,M,G,0,"SANTA CLARA","LOS ALTOS",2018
8556738,1,1,1,M,25,4,1,L,G,0,"SANTA CLARA","LOS ALTOS",2018
8570873,1,1,1,F,47,4,1,G,M,0,"SANTA CLARA","LOS ALTOS",2018
8570873,1,2,2,M,69,0,2,G,M,0,"SANTA CLARA","LOS ALTOS",2018
8570873,1,3,2,M,2,0,3,G,M,0,"SANTA CLARA","LOS ALTOS",2018
8570873,2,1,1,F,67,4,1,M,G,0,"SANTA CLARA","LOS ALTOS",2018
8571378,2,1,2,F,20,0,3,M,G,0,"SANTA CLARA","LOS ALTOS",2018
8571378,2,2,1,F,50,4,1,M,G,0,"SANTA CLARA","LOS ALTOS",2018
8574205,1,1,4,M,15,3,1,P,W,0,"SANTA CLARA","LOS ALTOS",2018
8574209,2,1,3,F,79,4,9,P,-,0,"SANTA CLARA","LOS ALTOS",2018
8574760,2,1,3,M,15,3,9,-,-,3,"SANTA CLARA","LOS ALTOS",2018
8577380,2,1,3,M,24,4,9,-,-,3,"SANTA CLARA","LOS ALTOS",2018
8584262,2,1,4,M,53,3,1,P,W,1,"SANTA CLARA","LOS ALTOS",2018
8586701,2,1,1,M,56,4,1,M,G,0,"SANTA CLARA","LOS ALTOS",2018
8595111,2,1,1,M,70,3,1,M,G,0,"SANTA CLARA","LOS ALTOS",2018
8609743,2,1,2,F,45,4,3,M,G,0,"SANTA CLARA","LOS ALTOS",2018
8609743,2,2,2,M,10,0,5,M,G,0,"SANTA CLARA","LOS ALTOS",2018
8609886,1,1,1,F,49,4,1,L,G,0,"SANTA CLARA","LOS ALTOS",2018
8615706,1,1,1,-,27,3,1,L,G,0,"SANTA CLARA","LOS ALTOS",2018
8615706,2,1,1,-,37,4,1,L,G,0,"SANTA CLARA","LOS ALTOS",2018
8619448,1,1,4,M,34,3,1,P,V,1,"SANTA CLARA","LOS ALTOS",2018
8623904,1,1,1,F,46,3,1,L,G,0,"SANTA CLARA","LOS ALTOS",2018
8627565,1,1,4,F,15,3,1,P,W,0,"SANTA CLARA","LOS ALTOS",2018
8627569,1,1,4,F,29,3,1,P,V,0,"SANTA CLARA","LOS ALTOS",2018
8627573,1,1,1,F,80,4,1,M,G,0,"SANTA CLARA","LOS ALTOS",2018
8627573,2,1,1,F,73,3,1,M,G,0,"SANTA CLARA","LOS ALTOS",2018
8643268,1,1,1,F,42,4,1,L,G,0,"SANTA CLARA","LOS ALTOS",2018
8643268,1,2,2,M,9,0,4,L,Q,0,"SANTA CLARA","LOS ALTOS",2018
8643268,1,3,2,F,4,0,6,L,M,0,"SANTA CLARA","LOS ALTOS",2018
8643802,2,1,1,F,80,3,1,L,G,0,"SANTA CLARA","LOS ALTOS",2018
8647739,3,1,2,M,58,4,1,M,P,0,"SANTA CLARA","LOS ALTOS",2018
8647820,2,1,1,M,27,4,1,M,G,0,"SANTA CLARA","LOS ALTOS",2018
8647820,3,1,2,-,998,0,3,M,G,0,"SANTA CLARA","LOS ALTOS",2018
8648166,1,1,1,F,50,1,1,M,G,0,"SANTA CLARA","LOS ALTOS",2017
8648166,2,1,1,F,52,4,1,L,G,0,"SANTA CLARA","LOS ALTOS",2017
8649642,2,1,3,M,56,4,0,N,P,0,"SANTA CLARA","LOS ALTOS",2018
8660198,2,1,1,M,72,4,1,M,G,0,"SANTA CLARA","LOS ALTOS",2018
8660202,1,1,1,M,71,4,1,M,G,0,"SANTA CLARA","LOS ALTOS",2018
8660869,1,1,1,F,46,4,1,M,G,0,"SANTA CLARA","LOS ALTOS",2018
8666431,2,1,1,F,23,4,1,M,G,0,"SANTA CLARA","LOS ALTOS",2018
8666980,2,1,1,F,54,4,1,M,G,0,"SANTA CLARA","LOS ALTOS",2018
8666980,2,2,2,F,41,0,3,M,G,0,"SANTA CLARA","LOS ALTOS",2018
8666980,2,3,2,M,13,0,6,M,G,0,"SANTA CLARA","LOS ALTOS",2018
8668661,2,1,4,M,15,4,1,P,W,0,"SANTA CLARA","LOS ALTOS",2018
8669497,1,1,1,M,42,4,1,M,G,0,"SANTA CLARA","LOS ALTOS",2018
8670189,2,1,1,M,42,4,1,M,G,0,"SANTA CLARA","LOS ALTOS",2018
8670809,1,1,1,F,46,4,1,M,G,0,"SANTA CLARA","LOS ALTOS",2018
8670864,2,1,1,M,42,4,1,L,G,0,"SANTA CLARA","LOS ALTOS",2018
8679291,1,1,1,F,14,3,1,L,H,0,"SANTA CLARA","LOS ALTOS",2018
8693002,2,1,2,M,12,3,6,P,G,0,"SANTA CLARA","LOS ALTOS",2018
8693002,2,2,1,F,53,4,1,M,G,0,"SANTA CLARA","LOS ALTOS",2018
8693002,3,1,2,F,8,0,6,P,G,0,"SANTA CLARA","LOS ALTOS",2018
8693006,1,1,4,M,31,2,1,P,W,1,"SANTA CLARA","LOS ALTOS",2018
8693006,2,1,4,M,28,2,1,P,W,1,"SANTA CLARA","LOS ALTOS",2018
8693010,2,1,1,F,53,3,1,M,G,0,"SANTA CLARA","LOS ALTOS",2018
8693014,1,1,1,M,39,3,1,L,G,0,"SANTA CLARA","LOS ALTOS",2018
8693014,1,2,2,M,3,0,6,M,Q,0,"SANTA CLARA","LOS ALTOS",2018
8696275,1,1,1,F,77,3,1,L,G,0,"SANTA CLARA","LOS ALTOS",2018
8696318,1,1,1,F,60,4,1,L,G,0,"SANTA CLARA","LOS ALTOS",2018
8698792,2,1,2,M,15,4,3,M,G,0,"SANTA CLARA","LOS ALTOS",2018
8703319,2,1,1,F,65,4,1,M,G,0,"SANTA CLARA","LOS ALTOS",2018
8703327,1,1,4,-,25,4,9,-,-,3,"SANTA CLARA","LOS ALTOS",2018
8704653,1,1,1,M,21,3,1,L,G,0,"SANTA CLARA","LOS ALTOS",2018
8704653,1,2,2,F,20,2,3,L,G,0,"SANTA CLARA","LOS ALTOS",2018
8704653,1,3,2,M,998,3,9,L,G,0,"SANTA CLARA","LOS ALTOS",2018
8704657,2,1,1,F,59,4,1,M,G,0,"SANTA CLARA","LOS ALTOS",2018
8709371,2,1,1,M,15,3,1,P,W,3,"SANTA CLARA","LOS ALTOS",2018
8710540,1,1,4,F,12,3,1,P,W,1,"SANTA CLARA","LOS ALTOS",2018
8713837,2,1,3,M,43,3,9,-,P,0,"SANTA CLARA","LOS ALTOS",2018
8718495,1,1,1,M,26,4,1,M,G,0,"SANTA CLARA","LOS ALTOS",2018
8718499,1,1,1,M,64,2,1,P,B,0,"SANTA CLARA","LOS ALTOS",2018
8723703,1,1,1,M,23,3,1,L,G,0,"SANTA CLARA","LOS ALTOS",2018
8723707,2,1,3,F,62,3,9,-,-,3,"SANTA CLARA","LOS ALTOS",2018
8735710,2,1,1,F,64,3,1,L,G,0,"SANTA CLARA","LOS ALTOS",2018
8736463,1,1,2,F,15,0,3,L,G,0,"SANTA CLARA","LOS ALTOS",2018
8736463,1,2,1,F,33,4,1,-,-,0,"SANTA CLARA","LOS ALTOS",2018
8737784,2,1,4,M,55,3,1,P,W,3,"SANTA CLARA","LOS ALTOS",2018
8737788,2,1,1,F,58,4,1,M,G,0,"SANTA CLARA","LOS ALTOS",2018
8744215,2,1,1,M,35,4,1,M,G,0,"SANTA CLARA","LOS ALTOS",2018
8756487,1,1,3,F,78,4,1,-,P,0,"SANTA CLARA","LOS ALTOS",2018
8772322,2,1,3,M,65,3,0,-,P,0,"SANTA CLARA","LOS ALTOS",2018
8772389,2,1,4,M,51,4,1,-,-,0,"SANTA CLARA","LOS ALTOS",2018
8777579,1,1,1,M,46,2,1,C,L,0,"SANTA CLARA","LOS ALTOS",2018
8777649,1,1,1,-,45,4,9,-,-,3,"SANTA CLARA","LOS ALTOS",2018
8777649,2,1,1,-,69,4,9,-,-,3,"SANTA CLARA","LOS ALTOS",2018
8779558,1,1,4,-,12,4,9,-,-,3,"SANTA CLARA","LOS ALTOS",2018
8779558,2,1,2,F,998,0,3,M,G,3,"SANTA CLARA","LOS ALTOS",2018
8784629,1,1,1,F,38,4,1,M,G,0,"SANTA CLARA","LOS ALTOS",2019
8784629,2,1,1,F,82,4,1,M,G,0,"SANTA CLARA","LOS ALTOS",2019
8787212,1,1,3,M,46,3,9,-,-,0,"SANTA CLARA","LOS ALTOS",2018
8787212,2,1,2,F,998,0,2,-,-,0,"SANTA CLARA","LOS ALTOS",2018
8788106,2,1,1,F,29,4,1,M,G,0,"SANTA CLARA","LOS ALTOS",2019
8788106,2,2,2,F,82,0,3,M,G,0,"SANTA CLARA","LOS ALTOS",2019
8790940,1,1,1,M,29,3,1,-,-,0,"SANTA CLARA","LOS ALTOS",2019
8790940,2,1,2,F,9,0,6,M,G,0,"SANTA CLARA","LOS ALTOS",2019
8790944,2,1,1,M,30,4,1,M,G,0,"SANTA CLARA","LOS ALTOS",2019
8790948,2,1,1,M,54,4,1,M,G,0,"SANTA CLARA","LOS ALTOS",2019
8790948,3,1,1,F,49,4,1,M,G,0,"SANTA CLARA","LOS ALTOS",2019
8790948,3,2,2,F,23,4,2,M,G,0,"SANTA CLARA","LOS ALTOS",2019
8790952,1,1,1,M,46,4,1,C,G,0,"SANTA CLARA","LOS ALTOS",2019
8794700,2,1,3,F,56,4,9,-,-,3,"SANTA CLARA","LOS ALTOS",2019
8794704,2,1,1,M,30,4,1,M,G,0,"SANTA CLARA","LOS ALTOS",2019
8803534,2,1,1,M,48,4,1,G,-,0,"SANTA CLARA","LOS ALTOS",2019
8803534,2,2,2,M,22,0,3,G,-,0,"SANTA CLARA","LOS ALTOS",2019
8809566,2,1,1,M,50,4,1,M,G,0,"SANTA CLARA","LOS ALTOS",2019
8819433,2,1,1,M,21,4,1,L,G,0,"SANTA CLARA","LOS ALTOS",2019
8829686,1,1,2,M,5,0,6,M,Q,0,"SANTA CLARA","LOS ALTOS",2018
8829686,2,1,1,F,45,4,1,M,G,0,"SANTA CLARA","LOS ALTOS",2018
8829686,3,1,2,M,30,0,3,M,G,0,"SANTA CLARA","LOS ALTOS",2018
8833593,1,1,1,F,38,3,1,L,G,0,"SANTA CLARA","LOS ALTOS",2019
8833593,2,1,1,M,34,4,1,L,G,0,"SANTA CLARA","LOS ALTOS",2019
8833607,2,1,1,F,47,4,1,M,G,0,"SANTA CLARA","LOS ALTOS",2019
8833607,2,2,2,F,69,4,4,M,G,0,"SANTA CLARA","LOS ALTOS",2019
8833607,2,3,2,M,1,0,6,M,-,0,"SANTA CLARA","LOS ALTOS",2019
8836527,1,1,1,M,88,4,1,L,G,0,"SANTA CLARA","LOS ALTOS",2019
8836531,2,1,3,F,85,4,9,-,-,3,"SANTA CLARA","LOS ALTOS",2019
8836535,2,1,1,M,30,4,1,M,G,0,"SANTA CLARA","LOS ALTOS",2019
8836539,1,1,4,M,17,3,1,P,W,0,"SANTA CLARA","LOS ALTOS",2019
8836543,1,1,2,M,79,4,3,L,G,0,"SANTA CLARA","LOS ALTOS",2019
8836543,1,2,1,F,72,4,1,L,G,0,"SANTA CLARA","LOS ALTOS",2019
8836547,3,1,1,F,26,4,9,-,-,3,"SANTA CLARA","LOS ALTOS",2019
8836591,2,1,1,M,41,4,1,L,G,0,"SANTA CLARA","LOS ALTOS",2019
8836616,1,1,1,F,85,3,1,-,-,3,"SANTA CLARA","LOS ALTOS",2019
8836616,2,1,1,F,51,4,1,-,-,3,"SANTA CLARA","LOS ALTOS",2019
8838082,1,1,1,F,34,4,1,G,-,0,"SANTA CLARA","LOS ALTOS",2019
8838082,2,1,1,M,44,4,1,G,-,0,"SANTA CLARA","LOS ALTOS",2019
8848864,1,1,2,M,87,0,3,M,G,0,"SANTA CLARA","LOS ALTOS",2019
8848864,1,2,2,F,83,0,4,M,G,0,"SANTA CLARA","LOS ALTOS",2019
8848864,2,1,1,F,53,4,1,M,G,0,"SANTA CLARA","LOS ALTOS",2019
8849069,1,1,1,F,26,4,1,S,-,0,"SANTA CLARA","LOS ALTOS",2019
8855647,1,1,1,F,54,4,1,L,G,0,"SANTA CLARA","LOS ALTOS",2019
8855647,2,1,1,M,64,3,1,M,G,0,"SANTA CLARA","LOS ALTOS",2019
8855647,3,1,1,F,19,4,1,L,G,0,"SANTA CLARA","LOS ALTOS",2019
8856496,2,1,4,M,11,3,1,P,W,1,"SANTA CLARA","LOS ALTOS",2019
8859949,1,1,1,M,48,4,1,M,G,0,"SANTA CLARA","LOS ALTOS",2019
8859949,2,1,1,M,65,3,1,L,G,0,"SANTA CLARA","LOS ALTOS",2019
8866066,2,1,3,F,70,3,9,P,-,3,"SANTA CLARA","LOS ALTOS",2019
8875444,1,1,4,M,32,3,1,P,V,1,"SANTA CLARA","LOS ALTOS",2019
8875444,2,1,2,F,2,0,4,M,Q,0,"SANTA CLARA","LOS ALTOS",2019
8877959,1,1,2,F,12,0,3,G,-,0,"SANTA CLARA","LOS ALTOS",2019
8877959,1,2,2,F,12,0,6,G,-,0,"SANTA CLARA","LOS ALTOS",2019
8877959,2,1,2,F,45,4,3,G,-,0,"SANTA CLARA","LOS ALTOS",2019
8877959,2,2,2,F,17,4,4,G,-,0,"SANTA CLARA","LOS ALTOS",2019
8877959,2,3,2,F,10,0,5,G,-,0,"SANTA CLARA","LOS ALTOS",2019
8877959,2,4,2,M,13,0,6,G,-,0,"SANTA CLARA","LOS ALTOS",2019
8878094,1,1,4,M,30,3,1,P,W,0,"SANTA CLARA","LOS ALTOS",2019
8880991,1,1,1,F,65,4,1,M,G,0,"SANTA CLARA","LOS ALTOS",2019
8880991,1,2,2,F,65,4,3,M,G,0,"SANTA CLARA","LOS ALTOS",2019
8880991,2,1,1,F,50,4,1,L,G,0,"SANTA CLARA","LOS ALTOS",2019
8880991,2,2,2,M,54,0,3,L,G,0,"SANTA CLARA","LOS ALTOS",2019
8881027,2,1,1,M,54,3,1,P,W,0,"SANTA CLARA","LOS ALTOS",2019
8881031,2,1,2,M,87,3,3,M,G,0,"SANTA CLARA","LOS ALTOS",2019
8881031,2,2,2,F,69,4,6,P,G,0,"SANTA CLARA","LOS ALTOS",2019
8881106,2,1,4,M,34,3,0,P,W,3,"SANTA CLARA","LOS ALTOS",2019
8882562,1,1,1,M,55,4,1,L,G,0,"SANTA CLARA","LOS ALTOS",2019
8882562,2,1,1,M,53,2,1,L,G,0,"SANTA CLARA","LOS ALTOS",2019
8882562,3,1,1,F,25,4,1,M,G,0,"SANTA CLARA","LOS ALTOS",2019
8882562,4,1,1,F,47,4,1,M,G,0,"SANTA CLARA","LOS ALTOS",2019
8883095,1,1,2,M,9,0,6,M,G,0,"SANTA CLARA","LOS ALTOS",2019
8883095,2,1,4,M,13,4,1,P,V,1,"SANTA CLARA","LOS ALTOS",2019
8886422,2,1,1,M,51,3,1,L,G,0,"SANTA CLARA","LOS ALTOS",2019
8889612,2,1,1,F,68,4,1,M,G,0,"SANTA CLARA","LOS ALTOS",2019
8890547,1,1,4,M,49,3,1,P,W,1,"SANTA CLARA","LOS ALTOS",2019
8890560,1,1,1,F,53,4,1,L,G,0,"SANTA CLARA","LOS ALTOS",2019
8890846,2,1,1,M,59,4,1,M,G,0,"SANTA CLARA","LOS ALTOS",2019
8895981,1,1,2,M,34,4,3,M,G,0,"SANTA CLARA","LOS ALTOS",2019
8896019,2,1,1,F,49,4,1,L,G,0,"SANTA CLARA","LOS ALTOS",2019
8896540,2,1,1,F,60,4,1,M,G,0,"SANTA CLARA","LOS ALTOS",2019
8903308,2,1,1,F,63,4,1,M,G,0,"SANTA CLARA","LOS ALTOS",2019
8908244,2,1,1,M,50,4,1,M,G,0,"SANTA CLARA","LOS ALTOS",2019
8908248,1,1,2,F,2,0,4,P,Q,0,"SANTA CLARA","LOS ALTOS",2019
8908248,2,1,1,-,57,4,1,M,G,0,"SANTA CLARA","LOS ALTOS",2019
8910916,1,1,1,M,82,1,1,L,G,0,"SANTA CLARA","LOS ALTOS",2019
8910916,1,2,2,F,80,4,3,M,G,0,"SANTA CLARA","LOS ALTOS",2019
8918255,2,1,2,F,36,3,3,L,G,0,"SANTA CLARA","LOS ALTOS",2019
8918255,2,2,1,M,28,3,1,L,G,0,"SANTA CLARA","LOS ALTOS",2019
8922539,2,1,4,M,50,3,1,P,W,1,"SANTA CLARA","LOS ALTOS",2019
8925842,2,1,1,M,53,4,1,M,G,0,"SANTA CLARA","LOS ALTOS",2019
8925842,4,1,2,M,998,0,3,M,G,0,"SANTA CLARA","LOS ALTOS",2019
8925842,4,2,2,M,9,0,6,M,G,0,"SANTA CLARA","LOS ALTOS",2019
8925917,2,1,1,F,58,4,1,M,G,0,"SANTA CLARA","LOS ALTOS",2019
8925917,3,1,2,F,50,4,3,M,G,0,"SANTA CLARA","LOS ALTOS",2019
8933071,1,1,1,F,59,4,1,M,G,0,"SANTA CLARA","LOS ALTOS",2019
8933143,1,1,1,M,80,3,1,L,G,0,"SANTA CLARA","LOS ALTOS",2019
8933143,2,1,1,F,34,4,1,L,G,0,"SANTA CLARA","LOS ALTOS",2019
8941435,2,1,4,M,47,4,1,P,-,1,"SANTA CLARA","LOS ALTOS",2019
8941548,1,1,2,F,14,0,3,M,G,0,"SANTA CLARA","LOS ALTOS",2019
8941548,2,1,4,M,15,4,9,-,W,3,"SANTA CLARA","LOS ALTOS",2019
8941568,2,1,1,M,28,4,1,M,G,0,"SANTA CLARA","LOS ALTOS",2019
8954077,2,1,1,F,31,4,1,M,G,0,"SANTA CLARA","LOS ALTOS",2019
8954077,2,2,2,F,28,4,3,M,G,0,"SANTA CLARA","LOS ALTOS",2019
8962023,1,1,1,F,25,3,1,L,G,0,"SANTA CLARA","LOS ALTOS",2019
8962023,1,2,2,M,24,3,3,L,G,0,"SANTA CLARA","LOS ALTOS",2019
8962027,2,1,4,M,13,3,1,P,W,0,"SANTA CLARA","LOS ALTOS",2019
8964471,1,1,1,F,58,4,1,M,G,0,"SANTA CLARA","LOS ALTOS",2019
8964475,1,1,1,F,31,2,1,M,G,0,"SANTA CLARA","LOS ALTOS",2019
8964475,2,1,2,F,58,3,3,M,G,0,"SANTA CLARA","LOS ALTOS",2019
8964475,2,2,2,F,52,0,6,M,G,0,"SANTA CLARA","LOS ALTOS",2019
8964475,2,3,2,F,55,4,4,M,G,0,"SANTA CLARA","LOS ALTOS",2019
8965033,1,1,4,M,28,2,9,D,W,1,"SANTA CLARA","LOS ALTOS",2019
8965037,2,1,4,M,12,4,9,-,W,3,"SANTA CLARA","LOS ALTOS",2019
8967548,1,1,1,F,37,4,1,L,G,0,"SANTA CLARA","LOS ALTOS",2019
8967552,1,1,1,M,25,3,1,M,B,0,"SANTA CLARA","LOS ALTOS",2019
8972459,1,1,2,M,16,0,3,M,G,0,"SANTA CLARA","LOS ALTOS",2019
8972459,2,1,1,F,47,4,1,M,G,0,"SANTA CLARA","LOS ALTOS",2019
8972627,1,1,2,F,79,4,3,L,G,0,"SANTA CLARA","LOS ALTOS",2019
8972627,1,2,1,M,79,4,1,L,G,0,"SANTA CLARA","LOS ALTOS",2019
8972627,2,1,2,F,8,3,4,M,G,0,"SANTA CLARA","LOS ALTOS",2019
8972627,2,2,1,F,42,4,1,L,G,0,"SANTA CLARA","LOS ALTOS",2019
8972627,2,3,2,F,9,0,6,M,G,0,"SANTA CLARA","LOS ALTOS",2019
8973157,2,1,1,M,34,4,1,M,G,0,"SANTA CLARA","LOS ALTOS",2019
8975633,2,1,1,M,57,2,1,M,-,3,"SANTA CLARA","LOS ALTOS",2019
8975641,1,1,4,F,52,3,1,P,W,0,"SANTA CLARA","LOS ALTOS",2019
8978942,1,1,1,F,49,4,1,L,G,0,"SANTA CLARA","LOS ALTOS",2019
8978942,2,1,2,F,85,4,3,M,G,0,"SANTA CLARA","LOS ALTOS",2019
8978946,1,1,1,F,42,4,1,L,G,0,"SANTA CLARA","LOS ALTOS",2019
8982423,1,1,1,M,56,3,1,P,W,2,"SANTA CLARA","LOS ALTOS",2019
8988643,1,1,1,M,50,4,1,M,G,0,"SANTA CLARA","LOS ALTOS",2019
8989210,2,1,1,F,47,4,1,M,G,0,"SANTA CLARA","LOS ALTOS",2019
8989214,3,1,1,F,66,4,1,M,G,0,"SANTA CLARA","LOS ALTOS",2019
8989218,1,1,1,M,56,3,1,L,G,0,"SANTA CLARA","LOS ALTOS",2019
8994991,1,1,1,M,35,4,1,M,B,0,"SANTA CLARA","LOS ALTOS",2019
8994991,1,2,2,F,29,0,3,M,B,0,"SANTA CLARA","LOS ALTOS",2019
8994991,2,1,1,F,54,3,1,L,G,0,"SANTA CLARA","LOS ALTOS",2019
90016966,2,1,1,M,38,3,1,P,W,1,"SANTA CLARA","LOS ALTOS",2015
90049401,1,1,1,F,40,4,1,M,G,0,"SANTA CLARA","LOS ALTOS",2015
90049401,2,1,1,M,22,4,1,P,W,1,"SANTA CLARA","LOS ALTOS",2015
9009170,1,1,1,F,72,4,1,M,G,0,"SANTA CLARA","LOS ALTOS",2019
9009170,1,2,2,M,10,0,3,M,G,0,"SANTA CLARA","LOS ALTOS",2019
9009170,2,1,2,F,61,0,0,P,-,3,"SANTA CLARA","LOS ALTOS",2019
9009175,1,1,2,M,4,0,4,M,Q,0,"SANTA CLARA","LOS ALTOS",2019
9009175,1,2,2,F,0,0,6,M,Q,0,"SANTA CLARA","LOS ALTOS",2019
9009175,2,1,2,F,6,4,4,M,Q,0,"SANTA CLARA","LOS ALTOS",2019
9009175,2,2,2,M,11,0,3,M,G,0,"SANTA CLARA","LOS ALTOS",2019
9009175,2,3,2,M,8,0,6,M,Q,0,"SANTA CLARA","LOS ALTOS",2019
9009576,2,1,4,M,28,3,1,P,W,1,"SANTA CLARA","LOS ALTOS",2019
90103263,1,1,1,F,24,3,1,M,G,0,"SANTA CLARA","LOS ALTOS",2016
90153078,1,1,1,F,25,3,1,L,G,0,"SANTA CLARA","LOS ALTOS",2016
90153078,1,2,2,F,2,3,4,P,Q,0,"SANTA CLARA","LOS ALTOS",2016
90153078,1,3,2,F,1,3,5,P,Q,0,"SANTA CLARA","LOS ALTOS",2016
90153078,1,4,2,M,6,3,6,P,Q,0,"SANTA CLARA","LOS ALTOS",2016
90158737,1,1,1,M,26,3,1,M,G,0,"SANTA CLARA","LOS ALTOS",2016
90172816,2,1,1,M,57,4,1,M,G,0,"SANTA CLARA","LOS ALTOS",2016
90179716,1,1,1,M,65,2,1,M,G,0,"SANTA CLARA","LOS ALTOS",2016
90197756,1,1,2,M,20,0,2,M,G,0,"SANTA CLARA","LOS ALTOS",2016
90197756,2,1,1,F,36,4,1,M,G,0,"SANTA CLARA","LOS ALTOS",2016
90206824,2,1,1,M,54,4,1,M,G,0,"SANTA CLARA","LOS ALTOS",2016
90216268,1,1,1,F,20,4,1,L,G,0,"SANTA CLARA","LOS ALTOS",2016
9022252,1,1,1,F,34,3,1,L,G,0,"SANTA CLARA","LOS ALTOS",2019
9022252,2,1,1,M,31,4,1,L,G,0,"SANTA CLARA","LOS ALTOS",2019
90252478,1,1,1,M,32,2,1,P,W,1,"SANTA CLARA","LOS ALTOS",2016
90252478,2,1,2,F,74,0,3,M,G,0,"SANTA CLARA","LOS ALTOS",2016
90274299,1,1,1,M,27,3,1,L,B,0,"SANTA CLARA","LOS ALTOS",2016
90285097,2,1,1,F,18,4,1,M,G,0,"SANTA CLARA","LOS ALTOS",2016
90285097,2,2,2,F,18,4,2,M,G,0,"SANTA CLARA","LOS ALTOS",2016
90294623,1,1,1,F,29,4,1,L,G,0,"SANTA CLARA","LOS ALTOS",2016
9030360,1,1,1,F,30,4,1,-,-,3,"SANTA CLARA","LOS ALTOS",2019
90320762,1,1,1,F,20,4,1,L,G,0,"SANTA CLARA","LOS ALTOS",2016
90328256,1,1,2,F,31,0,3,M,G,0,"SANTA CLARA","LOS ALTOS",2016
90328256,2,1,1,M,68,4,1,P,W,1,"SANTA CLARA","LOS ALTOS",2016
90388437,1,1,1,M,38,4,1,L,G,0,"SANTA CLARA","LOS ALTOS",2017
90388437,1,2,2,F,34,4,3,L,G,0,"SANTA CLARA","LOS ALTOS",2017
90388437,1,3,2,M,9,4,4,L,G,0,"SANTA CLARA","LOS ALTOS",2017
90422092,1,1,1,F,20,3,1,M,G,0,"SANTA CLARA","LOS ALTOS",2017
90434792,2,1,1,F,45,4,1,M,G,0,"SANTA CLARA","LOS ALTOS",2017
90438637,1,1,1,M,42,4,1,L,G,0,"SANTA CLARA","LOS ALTOS",2017
90455918,2,1,1,F,39,4,1,M,G,0,"SANTA CLARA","LOS ALTOS",2017
90460860,3,1,1,M,41,4,1,M,G,0,"SANTA CLARA","LOS ALTOS",2017
90465870,2,1,1,F,22,3,1,L,G,0,"SANTA CLARA","LOS ALTOS",2017
90465870,3,1,1,M,80,4,1,M,G,0,"SANTA CLARA","LOS ALTOS",2017
90477705,2,1,1,F,66,4,1,M,G,0,"SANTA CLARA","LOS ALTOS",2017
90481340,1,1,1,F,24,4,1,L,G,0,"SANTA CLARA","LOS ALTOS",2017
90488229,2,1,1,M,33,3,1,P,W,0,"SANTA CLARA","LOS ALTOS",2017
90509556,1,1,1,M,23,3,1,L,G,0,"SANTA CLARA","LOS ALTOS",2017
90544337,2,1,1,F,39,3,1,L,G,0,"SANTA CLARA","LOS ALTOS",2017
90544337,2,2,2,M,6,4,3,L,G,0,"SANTA CLARA","LOS ALTOS",2017
90556520,1,1,1,M,50,4,1,L,G,0,"SANTA CLARA","LOS ALTOS",2017
90556520,1,2,2,M,13,4,3,L,G,0,"SANTA CLARA","LOS ALTOS",2017
90556520,1,3,2,M,10,4,6,P,G,0,"SANTA CLARA","LOS ALTOS",2017
90560703,1,1,1,M,22,4,1,M,G,0,"SANTA CLARA","LOS ALTOS",2017
90568041,1,1,2,M,11,7,3,L,G,0,"SANTA CLARA","LOS ALTOS",2017
90568041,2,1,1,F,23,7,1,M,G,0,"SANTA CLARA","LOS ALTOS",2017
90568621,1,1,1,M,55,3,1,L,G,0,"SANTA CLARA","LOS ALTOS",2017
90620126,1,1,1,M,90,7,1,L,G,0,"SANTA CLARA","LOS ALTOS",2017
90620126,2,1,1,M,42,5,1,L,G,0,"SANTA CLARA","LOS ALTOS",2017
90620126,2,2,2,F,60,7,3,L,G,0,"SANTA CLARA","LOS ALTOS",2017
90638281,1,1,1,F,23,6,1,M,G,0,"SANTA CLARA","LOS ALTOS",2017
90685104,2,1,1,F,20,6,1,L,G,0,"SANTA CLARA","LOS ALTOS",2018
90685104,2,2,2,F,9,7,4,P,Q,0,"SANTA CLARA","LOS ALTOS",2018
90685104,2,3,2,F,8,7,6,P,Q,0,"SANTA CLARA","LOS ALTOS",2018
90707767,1,1,1,M,48,7,1,L,G,0,"SANTA CLARA","LOS ALTOS",2018
90707767,2,1,2,M,55,7,1,L,G,0,"SANTA CLARA","LOS ALTOS",2018
90721030,2,1,1,M,25,6,1,P,W,1,"SANTA CLARA","LOS ALTOS",2018
90750588,1,1,1,M,86,6,1,L,E,0,"SANTA CLARA","LOS ALTOS",2018
90750588,1,2,2,F,82,7,3,L,E,0,"SANTA CLARA","LOS ALTOS",2018
90751264,4,1,1,M,21,6,1,L,G,0,"SANTA CLARA","LOS ALTOS",2018
90764367,1,1,1,M,39,7,1,P,W,1,"SANTA CLARA","LOS ALTOS",2018
90797752,2,1,4,M,64,6,1,-,W,1,"SANTA CLARA","LOS ALTOS",2018
90797752,3,1,4,F,51,7,1,-,W,0,"SANTA CLARA","LOS ALTOS",2018
90818757,2,1,1,F,32,7,1,M,G,0,"SANTA CLARA","LOS ALTOS",2018
90832042,2,1,1,F,65,7,1,M,G,0,"SANTA CLARA","LOS ALTOS",2018
90838097,4,1,1,M,69,7,1,M,G,0,"SANTA CLARA","LOS ALTOS",2018
90840573,1,1,1,M,69,6,1,M,W,1,"SANTA CLARA","LOS ALTOS",2018
90848211,2,1,1,F,46,7,1,M,G,0,"SANTA CLARA","LOS ALTOS",2018
90850430,2,1,1,F,31,7,1,M,G,0,"SANTA CLARA","LOS ALTOS",2018
90858683,2,1,2,F,41,7,6,P,G,0,"SANTA CLARA","LOS ALTOS",2018
90859028,2,1,1,F,47,7,1,M,G,0,"SANTA CLARA","LOS ALTOS",2018
90922685,1,1,2,M,27,6,3,M,H,0,"SANTA CLARA","LOS ALTOS",2019
90922685,1,2,2,M,26,6,5,M,H,0,"SANTA CLARA","LOS ALTOS",2019
90922685,1,3,2,M,28,6,6,M,H,0,"SANTA CLARA","LOS ALTOS",2019
90938635,1,1,1,M,84,7,1,L,A,0,"SANTA CLARA","LOS ALTOS",2019
90938635,1,2,2,F,79,7,3,L,A,0,"SANTA CLARA","LOS ALTOS",2019
90962608,2,1,1,M,25,7,1,M,G,0,"SANTA CLARA","LOS ALTOS",2019
90973596,2,1,2,-,20,7,3,M,G,0,"SANTA CLARA","LOS ALTOS",2019
91057109,1,1,1,M,38,7,1,L,G,0,"SANTA CLARA","LOS ALTOS",2019
91145832,1,1,1,M,17,7,1,L,G,0,"SANTA CLARA","LOS ALTOS",2019
91147465,2,1,1,M,53,7,1,M,G,0,"SANTA CLARA","LOS ALTOS",2019
